,SA2_Name,SA2_Code,Dec-10,Mar-11,Jun-11,Sep-11,Dec-11,Mar-12,Jun-12,Sep-12,Dec-12,Mar-13,Jun-13,Sep-13,Dec-13,Mar-14,Jun-14,Sep-14,Dec-14,Mar-15,Jun-15,Sep-15,Dec-15,Mar-16,Jun-16,Sep-16,Dec-16,Mar-17,Jun-17,Sep-17,Dec-17,Mar-18,Jun-18,Sep-18,Dec-18,Mar-19,Jun-19,Sep-19,Dec-19,Mar-20,Jun-20,Sep-20,Dec-20,Mar-21,Jun-21,Sep-21,Dec-21,Mar-22
0,Alfredton,201011001,2.9,2.7,2.8,2.7,2.6,2.7,2.4,2.3,2.8,3.0,3.1,2.8,2.2,2.0,1.8,2.1,2.6,2.5,2.4,2.6,2.6,2.9,3.1,3.0,2.4,2.1,2.0,1.8,2.0,2.3,2.3,2.3,2.2,2.0,1.7,1.7,1.5,1.4,1.9,2.6,3.4,3.7,3.4,2.7,2.2,1.8
1,Ballarat,201011002,7.8,7.3,7.3,6.9,6.3,6.1,5.7,5.5,6.3,6.7,6.8,6.1,4.9,4.5,4.0,4.4,5.4,4.8,4.5,4.6,4.2,4.5,5.0,5.1,4.2,3.7,3.7,3.3,3.5,4.0,3.9,3.8,3.8,4.0,3.6,3.7,3.3,2.8,3.4,4.2,5.2,5.3,4.8,3.8,3.1,2.6
2,Ballarat - North,201011003,6.5,6.2,6.3,6.0,5.6,5.4,5.1,4.9,5.9,6.3,6.3,5.7,4.7,4.4,4.2,4.6,5.6,5.1,4.9,5.3,5.1,5.5,6.0,5.8,4.7,4.1,3.9,3.5,3.8,4.4,4.2,4.1,3.9,3.9,3.6,3.5,3.2,2.8,3.5,4.5,5.6,5.8,5.4,4.2,3.5,3.0
3,Ballarat - South,201011004,9.6,9.0,9.0,8.5,8.0,7.8,7.3,6.9,7.9,8.6,8.9,8.1,6.8,6.5,6.1,6.8,8.2,7.4,6.9,7.3,7.2,8.1,9.0,9.0,7.4,6.4,6.3,5.5,6.1,7.0,6.8,6.7,6.5,6.7,6.0,5.9,5.3,4.5,5.6,7.0,8.8,9.1,8.6,7.0,5.9,5.1
4,Buninyong,201011005,3.3,3.3,3.3,3.2,2.9,2.6,2.4,2.5,3.2,3.6,3.7,3.3,2.6,2.3,2.2,2.5,3.3,3.1,2.9,3.0,2.8,3.0,3.3,3.3,2.7,2.4,2.3,2.0,2.1,2.2,2.1,1.9,1.8,1.9,1.7,1.8,1.6,1.4,1.9,2.4,3.1,3.4,3.2,2.5,2.0,1.6
5,Delacombe,201011006,6.5,6.2,6.2,5.9,5.6,5.5,5.3,4.9,5.6,5.7,5.7,5.2,4.3,4.3,4.1,4.5,5.5,4.9,4.5,4.9,4.8,5.4,6.0,5.9,4.7,4.0,3.6,3.1,3.4,3.9,3.9,3.9,3.8,3.9,3.6,3.6,3.3,2.9,3.8,4.8,6.1,6.6,6.2,5.1,4.3,3.6
6,Smythes Creek,201011007,3.6,3.3,3.3,3.1,2.8,2.6,2.3,2.3,2.6,2.8,2.8,2.6,2.3,2.1,1.9,2.2,2.7,2.6,2.5,2.5,2.3,2.5,2.7,2.6,2.1,1.8,1.8,1.6,1.7,1.9,1.7,1.6,1.6,1.8,1.7,1.8,1.6,1.3,1.6,2.1,2.7,2.9,2.8,2.2,1.7,1.4
7,Wendouree - Miners Rest,201011008,10.5,10.0,10.0,9.4,8.7,8.4,7.9,7.5,8.9,9.7,10.0,9.0,7.3,6.8,6.4,7.2,8.9,8.0,7.4,7.9,7.7,8.8,9.9,9.9,8.1,7.0,6.6,5.7,6.2,7.2,7.0,7.0,6.9,7.3,6.7,6.7,6.0,5.1,6.0,7.2,9.0,9.3,8.8,7.3,6.2,5.4
8,Bacchus Marsh Region,201021009,4.8,4.3,4.0,3.6,3.4,3.3,3.1,2.9,3.2,3.4,3.5,3.2,2.7,2.6,2.4,2.6,3.0,2.7,2.6,2.9,3.0,3.5,4.0,4.1,3.4,2.9,2.8,2.3,2.4,2.7,2.5,2.5,2.5,2.5,2.2,2.1,1.9,1.6,2.2,3.2,4.3,4.7,4.5,3.5,2.7,2.2
9,Creswick - Clunes,201021010,7.3,6.9,6.9,6.5,6.1,5.8,5.3,5.1,5.9,6.4,6.5,5.8,4.9,4.5,4.1,4.5,5.3,4.7,4.4,4.9,5.0,5.6,6.4,6.5,5.4,4.7,4.3,3.6,3.8,4.0,3.8,3.7,3.6,3.9,3.7,3.8,3.5,3.0,3.7,4.8,6.1,6.4,6.0,4.7,3.7,3.0
10,Daylesford,201021011,6.3,5.9,5.7,5.5,5.2,5.1,4.9,4.7,5.3,5.7,5.8,5.2,4.3,3.9,3.4,3.7,4.4,3.8,3.5,3.6,3.4,4.1,4.6,4.5,3.7,3.0,2.8,2.5,2.7,3.0,2.8,2.8,2.6,2.8,2.5,2.5,2.4,1.9,2.7,4.0,5.2,5.7,5.2,3.9,3.0,2.4
11,Gordon (Vic.),201021012,4.4,4.3,4.1,3.6,3.3,2.9,2.9,3.1,3.9,4.4,4.6,4.1,3.4,3.3,3.1,3.4,4.0,3.5,3.3,3.4,3.3,3.6,4.1,4.0,3.2,2.8,2.5,2.1,2.3,2.4,2.3,2.4,2.3,2.5,2.3,2.3,2.1,1.8,2.2,2.8,3.6,3.8,3.5,2.7,2.0,1.5
12,Avoca,201031013,8.3,7.5,7.5,7.1,6.7,6.5,6.1,6.1,7.3,8.0,8.1,7.3,5.9,5.4,4.9,5.4,6.4,5.6,5.3,6.0,6.1,7.1,8.2,8.1,6.7,5.8,5.4,4.7,5.0,5.4,5.1,5.0,4.8,5.3,5.0,5.5,5.2,4.4,5.0,5.4,6.9,7.5,7.3,6.1,5.2,4.3
13,Beaufort,201031014,8.5,7.8,7.9,7.3,6.9,6.5,5.6,5.3,6.1,6.7,6.8,6.1,5.1,4.8,4.6,4.9,5.8,5.0,4.8,5.3,5.4,5.9,6.7,6.5,5.1,4.5,3.9,3.4,3.7,4.1,4.0,3.9,3.8,4.2,4.0,4.3,4.1,3.6,4.1,4.6,5.6,5.9,5.9,4.9,4.0,3.5
14,Golden Plains - North,201031015,8.0,7.5,7.3,6.7,6.2,5.6,4.8,4.3,4.7,5.0,5.1,4.7,4.2,4.0,3.8,4.3,5.2,4.7,4.4,4.7,4.3,4.9,5.5,5.6,4.7,4.1,3.9,3.5,3.8,4.4,4.3,4.2,4.0,4.2,3.9,4.0,3.7,3.2,4.0,5.0,6.3,6.9,6.5,5.2,4.0,3.1
15,Maryborough (Vic.),201031016,13.3,11.9,11.6,10.7,10.2,10.0,9.5,9.3,10.6,11.5,11.7,10.5,8.9,8.6,8.2,9.3,11.3,10.3,9.7,10.3,9.9,10.6,11.9,11.9,9.8,8.7,8.2,7.2,7.9,8.9,8.5,8.4,8.2,8.6,8.1,8.2,7.6,6.8,7.9,9.3,11.5,11.8,11.4,9.4,8.0,7.0
16,Maryborough Region,201031017,11.5,10.6,10.6,10.1,9.8,9.6,8.8,8.3,9.2,9.7,9.7,8.6,7.0,6.5,6.1,7.0,8.5,7.9,7.8,8.5,8.7,9.9,11.2,11.2,9.2,7.9,7.1,6.1,6.5,6.8,6.5,6.3,6.1,6.6,6.3,6.7,6.3,5.5,6.5,7.3,9.7,10.5,10.4,9.0,7.4,6.0
17,Bendigo,202011018,12.8,12.1,9.9,8.9,8.2,8.2,8.9,9.7,10.3,11.5,12.1,11.6,11.5,10.5,10.4,11.5,11.5,11.9,11.2,11.6,12.0,11.5,11.7,9.3,7.1,7.1,7.1,8.9,11.9,12.9,12.9,11.1,9.1,7.4,6.2,6.6,7.0,8.0,8.9,9.1,8.9,8.7,7.9,7.3,6.8,6.1
18,California Gully - Eaglehawk,202011019,11.6,10.4,8.2,7.2,7.0,7.2,8.0,8.9,9.4,10.5,11.4,11.3,11.6,10.8,11.0,11.7,11.6,11.9,11.1,11.3,11.7,10.9,11.0,8.7,6.6,6.6,6.3,7.9,10.5,11.3,11.5,9.8,8.0,6.4,5.4,5.8,6.3,7.6,8.3,8.5,8.0,7.5,7.0,6.5,6.2,5.7
19,East Bendigo - Kennington,202011020,6.0,5.5,4.4,3.9,3.7,3.8,4.1,4.7,5.0,5.8,6.2,5.9,5.8,5.3,5.4,6.2,6.5,6.9,6.6,6.7,6.8,6.3,6.5,5.3,4.1,4.2,4.2,5.1,6.6,6.9,6.8,5.7,4.6,3.7,3.1,3.3,3.7,4.4,5.2,5.5,5.4,5.2,4.6,4.2,3.8,3.5
20,Flora Hill - Spring Gully,202011021,7.2,6.6,5.3,4.6,4.1,4.1,4.5,5.1,5.8,6.8,7.6,7.7,8.0,7.5,7.8,8.4,8.2,8.3,7.5,7.5,7.9,7.4,7.6,6.0,4.5,4.6,4.4,5.5,7.2,7.6,7.6,6.5,5.3,4.3,3.6,3.7,3.9,4.5,5.2,5.6,5.4,5.4,4.8,4.4,4.1,3.7
21,Kangaroo Flat - Golden Square,202011022,8.0,7.3,5.9,5.3,5.1,5.4,6.0,6.7,7.3,8.1,8.8,8.6,8.6,7.9,7.8,8.4,8.3,8.5,8.0,8.1,8.6,8.2,8.4,6.7,5.1,5.1,5.0,6.3,8.2,8.8,8.8,7.5,6.3,5.1,4.2,4.3,4.5,5.2,5.9,6.2,6.1,6.0,5.5,5.2,4.8,4.3
22,Maiden Gully,202011023,3.1,2.7,2.2,2.0,1.9,2.0,2.2,2.4,2.4,2.8,2.9,2.9,3.0,2.7,2.6,2.7,2.6,2.7,2.5,2.5,2.6,2.4,2.4,2.0,1.5,1.5,1.4,1.6,2.0,2.2,2.3,2.0,1.7,1.3,1.1,1.1,1.3,1.4,1.9,2.1,2.2,2.4,2.0,1.7,1.5,1.3
23,Strathfieldsaye,202011024,2.1,1.9,1.7,1.5,1.5,1.6,1.9,2.2,2.5,2.8,2.9,2.8,2.6,2.3,2.2,2.3,2.3,2.3,2.2,2.4,2.6,2.4,2.3,1.8,1.3,1.4,1.4,1.7,2.2,2.3,2.3,1.9,1.6,1.3,1.1,1.1,1.1,1.2,1.6,1.9,2.0,2.0,1.8,1.6,1.5,1.4
24,White Hills - Ascot,202011025,5.0,4.5,3.7,3.3,3.0,3.1,3.4,3.9,4.3,5.0,5.5,5.5,5.5,5.1,5.3,5.8,5.8,6.0,5.6,5.7,6.0,5.6,5.8,4.7,3.6,3.6,3.5,4.3,5.6,5.9,5.8,5.0,4.1,3.3,2.8,2.8,3.0,3.6,4.2,4.5,4.4,4.3,3.9,3.7,3.4,3.2
25,Bendigo Region - South,202021026,3.3,3.0,2.5,2.2,2.1,2.2,2.4,2.9,3.2,3.5,3.6,3.5,3.5,3.2,3.3,3.6,3.7,3.8,3.5,3.4,3.5,3.2,3.3,2.7,2.0,2.1,2.1,2.5,3.2,3.5,3.4,2.9,2.4,1.9,1.6,1.7,1.8,2.0,2.3,2.4,2.4,2.5,2.2,2.0,1.8,1.6
26,Castlemaine,202021027,7.7,6.8,5.4,4.9,4.6,4.8,5.4,6.1,6.5,7.3,7.7,7.3,7.1,6.5,6.6,7.3,7.5,7.6,6.9,7.0,7.5,7.3,7.6,6.1,4.5,4.4,4.2,5.0,6.5,6.8,6.7,5.6,4.5,3.5,2.9,2.9,3.0,3.5,4.2,4.6,4.7,5.0,4.5,3.9,3.5,2.8
27,Castlemaine Region,202021028,6.6,5.8,4.6,4.2,4.2,4.4,4.8,5.3,5.5,6.2,6.8,6.8,6.9,6.4,6.2,6.5,6.6,6.6,6.1,6.2,6.2,6.0,6.3,5.1,4.0,3.8,3.4,4.2,5.5,5.6,5.4,4.5,3.6,2.9,2.5,2.7,2.9,3.5,4.1,4.4,4.4,4.3,3.9,3.4,3.0,2.6
28,Heathcote,202021029,9.5,8.9,7.1,6.4,6.6,6.9,7.9,8.7,9.3,10.4,11.1,10.8,11.0,10.2,9.9,10.3,9.9,9.3,8.4,8.2,8.3,8.1,8.4,6.9,5.4,5.8,5.9,7.6,10.0,10.2,9.9,8.1,6.3,5.0,4.4,5.2,5.9,6.9,7.5,7.2,6.8,6.6,6.4,6.1,5.8,5.4
29,Kyneton,202021030,5.1,4.6,3.7,3.3,3.2,3.3,3.6,4.2,4.7,5.4,5.9,5.5,5.3,4.7,4.5,4.7,4.5,4.5,4.2,4.3,4.6,4.4,4.3,3.4,2.5,2.6,2.6,3.3,4.4,4.6,4.4,3.7,2.8,2.2,1.9,1.9,2.0,2.2,2.8,3.2,3.3,3.5,3.2,2.8,2.5,2.1
30,Woodend,202021031,3.0,2.7,2.2,2.0,2.0,2.2,2.6,2.9,3.1,3.6,3.9,3.8,3.8,3.4,3.2,3.4,3.4,3.5,3.3,3.7,4.0,3.8,3.8,3.0,2.2,2.2,2.0,2.4,3.0,3.0,2.9,2.4,1.9,1.5,1.3,1.2,1.3,1.5,1.9,2.2,2.2,2.3,1.9,1.6,1.4,1.1
31,Bendigo Region - North,202031032,5.7,5.1,4.1,3.5,3.4,3.7,4.2,4.5,4.8,5.3,5.9,6.1,6.2,5.7,5.6,6.1,6.0,6.0,5.4,5.2,5.2,4.8,5.0,4.0,3.2,3.2,3.2,3.9,5.4,6.0,5.8,5.0,4.0,3.1,2.7,3.0,3.3,3.8,4.0,4.0,3.8,3.9,3.8,3.8,3.6,3.4
32,Loddon,202031033,7.7,7.1,5.9,5.5,5.2,5.2,5.8,6.4,6.9,7.7,8.4,8.3,8.5,7.9,7.7,8.0,7.9,7.9,7.2,7.4,7.6,7.4,7.9,6.4,5.1,5.3,5.3,6.7,8.7,9.0,8.7,7.3,6.1,5.2,4.7,5.3,5.5,6.3,6.5,6.3,6.0,5.7,5.7,5.6,5.4,5.2
33,Bannockburn,203011034,3.4,3.1,2.9,2.6,2.5,2.6,2.5,2.6,2.9,3.0,3.2,3.1,2.8,2.8,2.8,3.3,3.6,3.7,3.6,3.2,2.7,2.7,2.5,2.5,2.7,2.6,2.6,2.5,2.6,2.6,2.6,2.7,2.7,2.5,2.4,2.0,1.7,1.7,1.8,2.2,2.4,2.5,2.3,2.0,1.9,1.5
34,Golden Plains - South,203011035,4.3,4.0,3.6,3.1,3.1,3.5,3.5,3.7,4.2,4.2,4.7,4.4,3.9,3.8,3.7,4.5,4.9,5.0,4.9,4.5,3.9,3.9,3.8,3.8,4.1,4.0,3.9,3.9,3.9,3.8,3.8,3.7,4.0,4.0,3.9,3.5,2.8,2.5,2.4,2.8,3.0,2.9,2.8,2.5,2.3,2.0
35,Winchelsea,203011036,3.9,3.7,3.5,3.2,3.2,3.3,3.3,3.6,4.0,4.0,4.5,4.3,4.1,4.0,3.9,4.5,4.7,4.9,4.8,4.3,3.7,3.7,3.5,3.5,3.8,3.7,3.7,3.5,3.5,3.4,3.4,3.4,3.7,3.7,3.7,3.3,2.6,2.2,2.3,2.8,3.1,3.2,2.9,2.4,2.2,1.9
36,Belmont,203021037,7.0,6.6,5.9,5.3,5.1,5.4,5.7,5.9,6.4,6.3,6.7,6.3,5.9,5.9,5.9,6.9,7.2,7.6,7.4,6.8,6.1,6.0,5.8,5.8,6.3,6.0,5.8,5.8,5.9,6.0,6.2,6.2,6.3,6.0,5.7,4.9,4.0,3.4,3.5,4.2,4.5,4.4,4.0,3.4,3.0,2.6
37,Corio - Norlane,203021038,19.5,18.1,16.5,14.2,13.7,14.7,15.3,16.0,17.5,17.1,18.3,17.1,16.1,16.1,16.3,20.0,21.5,22.7,22.4,20.1,17.6,17.1,16.0,16.0,17.9,17.8,18.2,18.9,19.8,20.3,20.9,21.0,21.9,21.9,21.5,18.9,15.5,13.3,12.0,12.9,12.6,11.5,10.8,9.8,9.6,8.7
38,Geelong,203021039,7.5,7.2,6.6,6.1,5.9,6.1,6.1,6.3,6.9,6.8,7.3,6.8,6.4,6.4,6.4,7.9,8.6,9.1,9.1,8.2,7.1,6.8,6.4,6.4,7.1,6.9,7.0,7.0,7.1,7.2,7.5,7.6,8.2,8.3,8.0,7.0,5.7,4.9,4.8,5.4,5.3,4.9,4.3,3.7,3.4,3.1
39,Geelong West - Hamlyn Heights,203021040,6.4,6.0,5.4,4.6,4.3,4.6,4.7,5.1,5.8,5.8,6.3,5.9,5.7,5.7,5.7,6.9,7.2,7.5,7.2,6.2,5.4,5.2,4.9,4.8,5.3,5.1,5.0,5.0,5.0,5.0,5.1,5.1,5.2,5.3,5.1,4.5,3.7,3.0,3.0,3.6,3.8,3.7,3.3,2.9,2.6,2.3
40,Grovedale,203021041,4.5,4.3,4.0,3.5,3.4,3.6,3.7,3.9,4.3,4.4,4.8,4.5,4.4,4.4,4.4,5.4,5.8,6.1,6.1,5.4,4.6,4.4,4.1,4.1,4.4,4.2,4.1,4.1,4.1,4.0,4.0,4.0,4.0,3.9,3.8,3.4,3.0,2.8,2.9,3.5,3.7,3.7,3.3,2.8,2.6,2.3
41,Highton,203021042,3.0,2.8,2.6,2.4,2.3,2.5,2.5,2.6,2.9,2.8,3.1,2.9,2.6,2.6,2.6,3.1,3.3,3.5,3.4,3.1,2.7,2.7,2.5,2.5,2.7,2.5,2.5,2.4,2.4,2.4,2.4,2.3,2.4,2.4,2.3,2.1,1.8,1.5,1.8,2.2,2.5,2.5,2.2,1.7,1.5,1.3
42,Lara,203021043,4.5,4.2,3.8,3.2,3.2,3.4,3.5,3.8,4.1,4.1,4.5,4.3,4.1,4.2,4.3,5.2,5.6,5.8,5.7,5.0,4.2,4.2,4.0,4.0,4.4,4.2,4.1,4.1,4.1,4.0,4.1,4.1,4.4,4.6,4.6,4.2,3.6,3.1,3.1,3.6,3.7,3.6,3.3,2.8,2.5,2.2
43,Leopold,203021044,3.9,3.8,3.5,3.2,3.1,3.3,3.4,3.5,3.8,3.9,4.3,4.2,4.1,4.2,4.3,5.3,5.7,5.9,5.6,4.9,4.2,4.2,4.1,4.3,4.7,4.6,4.6,4.4,4.4,4.3,4.3,4.3,4.4,4.2,4.1,3.7,3.1,2.7,2.7,3.1,3.3,3.3,2.9,2.5,2.3,2.0
44,Newcomb - Moolap,203021045,10.9,10.2,9.4,8.1,7.9,8.6,9.0,9.5,10.4,10.0,10.8,10.2,9.8,9.8,9.7,11.7,12.5,13.0,12.9,11.6,10.1,10.1,9.8,10.0,11.1,10.7,10.6,10.7,11.0,11.3,11.6,11.8,12.5,12.9,12.8,11.5,9.5,7.8,7.1,7.8,7.9,7.5,6.9,6.2,5.8,5.1
45,Newtown (Vic.),203021046,3.6,3.4,3.1,2.9,3.0,3.3,3.4,3.4,3.8,3.8,4.2,4.1,3.8,3.6,3.4,4.0,4.3,4.6,4.6,4.2,3.5,3.4,3.3,3.2,3.5,3.2,3.1,3.1,3.1,3.2,3.2,3.1,3.1,3.1,3.0,2.6,2.3,1.8,1.8,2.2,2.3,2.3,2.0,1.6,1.3,1.1
46,North Geelong - Bell Park,203021047,8.9,8.2,7.4,6.5,6.2,6.6,6.8,7.2,8.1,8.0,8.5,8.0,7.4,7.4,7.4,8.8,9.4,9.9,9.8,8.8,7.7,7.5,7.1,6.9,7.5,7.3,7.3,7.4,7.7,7.7,7.8,7.7,8.0,8.2,8.0,7.2,5.9,4.9,4.8,5.4,5.6,5.4,4.9,4.4,4.2,3.7
47,Clifton Springs,203031048,5.4,5.2,4.8,4.2,4.1,4.2,4.3,4.6,5.2,5.2,5.5,5.2,4.9,4.9,5.2,6.4,6.8,7.0,6.8,6.0,5.2,5.3,5.0,5.0,5.4,5.1,5.0,5.1,5.4,5.6,5.7,5.8,5.9,5.9,6.0,5.4,4.5,3.7,3.6,4.3,4.6,4.6,4.2,3.6,3.3,2.9
48,Lorne - Anglesea,203031049,3.4,3.3,2.8,2.4,2.4,2.5,2.6,2.7,3.0,3.1,3.6,3.6,3.5,3.3,3.0,3.4,3.6,3.8,3.7,3.3,2.7,2.8,2.8,3.0,3.3,3.0,2.8,2.6,2.6,2.7,2.6,2.4,2.4,2.2,2.3,2.0,1.7,1.4,1.9,2.6,3.0,3.1,2.6,2.0,1.7,1.4
49,Ocean Grove - Barwon Heads,203031050,3.7,3.4,3.2,2.9,2.8,2.9,3.1,3.3,3.8,3.9,4.3,4.0,3.6,3.4,3.3,4.0,4.2,4.3,4.2,3.6,3.0,3.1,2.9,2.9,3.1,2.9,2.7,2.7,2.8,2.7,2.7,2.7,2.8,2.8,2.8,2.5,2.1,1.9,2.1,2.6,2.8,2.8,2.4,1.9,1.6,1.4
50,Portarlington,203031051,9.5,8.5,7.7,6.6,6.4,7.3,7.9,8.9,9.9,9.8,10.4,9.3,8.8,8.5,8.3,10.0,10.6,11.0,10.8,9.7,8.4,8.5,8.2,8.3,9.1,8.6,8.3,8.4,8.6,8.9,9.2,9.4,10.1,10.2,10.2,9.0,7.5,6.2,5.9,6.7,6.8,6.7,6.3,5.6,5.1,4.4
51,Point Lonsdale - Queenscliff,203031052,3.2,2.9,2.7,2.3,2.1,2.1,2.1,2.2,2.6,2.7,3.0,2.9,2.8,2.9,2.8,3.5,3.9,4.1,4.2,3.8,3.2,3.1,2.9,3.0,3.2,3.1,3.2,3.2,3.3,3.6,3.7,3.9,4.0,3.9,3.5,2.9,2.3,1.7,2.0,2.7,3.0,3.1,2.6,2.0,1.5,1.2
52,Torquay,203031053,2.8,2.7,2.5,2.2,2.1,2.3,2.3,2.5,2.7,2.7,2.9,2.8,2.7,2.9,2.9,3.4,3.6,3.6,3.5,3.1,2.6,2.5,2.4,2.5,2.7,2.5,2.4,2.2,2.2,2.1,2.1,2.0,1.9,1.8,1.8,1.6,1.4,1.3,1.7,2.4,2.8,2.9,2.5,1.9,1.5,1.2
53,Alexandra,204011054,4.2,4.0,4.2,4.2,4.1,3.9,3.7,3.8,4.1,4.7,5.0,4.8,4.5,3.9,4.0,4.1,4.3,4.7,4.9,4.8,4.5,4.3,3.9,4.1,4.2,4.0,3.8,3.0,2.9,2.9,2.9,3.0,2.9,2.6,2.6,2.8,3.2,3.4,3.0,3.5,3.2,3.7,3.9,3.2,3.0,2.2
54,Euroa,204011055,4.2,4.1,4.5,4.4,4.3,4.3,4.3,4.5,5.0,5.5,5.8,5.7,5.1,4.5,4.4,4.5,4.6,5.1,5.4,5.4,5.1,4.8,4.5,4.7,5.0,4.8,4.4,3.4,3.1,2.9,2.9,3.1,3.2,3.1,3.1,3.3,3.7,3.8,3.3,3.5,3.1,3.6,3.9,3.5,3.3,2.5
55,Kilmore - Broadford,204011056,4.5,4.6,4.8,4.7,4.6,4.4,4.2,4.5,5.0,5.6,6.2,6.1,5.5,4.9,5.1,5.4,5.9,6.8,7.3,7.2,6.8,6.3,5.5,5.5,5.4,5.0,4.6,3.6,3.4,3.3,3.4,3.6,3.5,3.2,3.0,3.0,3.5,3.7,3.3,3.7,3.3,3.8,4.1,3.4,3.2,2.5
56,Mansfield (Vic.),204011057,3.5,3.3,3.6,3.5,3.6,3.4,3.1,3.3,3.5,3.9,4.2,4.2,4.0,3.5,3.4,3.5,3.4,3.7,3.9,3.7,3.5,3.5,3.2,3.4,3.4,3.1,2.8,2.2,2.0,2.0,2.1,2.2,2.2,2.0,1.9,1.9,2.3,2.4,2.1,2.5,2.3,2.7,2.9,2.3,2.1,1.6
57,Nagambie,204011058,4.5,4.6,5.0,5.0,5.0,4.8,4.5,4.8,5.1,6.0,6.4,6.1,5.6,4.7,4.3,4.0,4.0,4.3,4.7,5.0,4.7,4.6,4.2,4.4,4.4,4.1,3.7,2.8,2.6,2.7,2.9,3.0,3.1,2.9,2.8,3.0,3.2,3.2,2.8,3.0,2.7,3.1,3.3,2.8,2.7,2.3
58,Seymour,204011059,10.8,11.4,12.5,12.4,12.2,11.6,10.7,10.8,11.4,12.7,13.1,12.6,11.1,9.6,9.9,10.3,10.8,12.5,13.8,13.8,13.0,11.9,10.1,10.3,10.5,9.9,9.2,7.3,6.8,6.7,6.9,7.3,7.3,6.8,6.5,6.7,7.5,8.0,6.9,7.3,6.2,6.7,7.4,6.4,6.4,5.4
59,Seymour Region,204011060,2.7,2.5,2.5,2.4,2.4,2.3,2.3,2.4,2.8,3.2,3.4,3.4,3.0,2.7,2.6,2.5,2.5,2.7,2.8,2.8,2.7,2.5,2.3,2.3,2.3,2.1,1.8,1.5,1.4,1.4,1.5,1.6,1.7,1.6,1.5,1.6,1.9,2.1,1.9,2.1,1.8,1.9,2.0,1.6,1.5,1.2
60,Yea,204011062,4.8,5.0,5.3,5.2,5.2,5.1,4.9,5.1,5.0,5.2,5.3,5.0,4.5,3.8,3.8,3.8,4.2,4.9,5.5,5.7,5.6,5.6,5.2,5.6,5.6,5.2,4.8,3.8,3.6,3.7,3.7,4.0,3.9,3.7,3.8,3.9,4.7,4.8,4.1,4.5,3.9,4.4,4.8,4.0,3.8,3.0
61,Benalla,204021063,7.5,7.2,7.7,7.4,7.1,6.9,6.6,7.0,7.7,8.7,9.2,9.0,8.2,7.0,7.2,7.2,7.3,8.3,8.7,8.7,8.3,7.7,6.8,7.0,7.0,6.5,6.1,5.0,4.8,4.9,4.9,5.0,5.2,5.3,5.3,5.5,6.0,5.9,5.0,5.2,4.3,4.4,4.7,4.1,4.0,3.5
62,Benalla Region,204021064,4.0,4.0,4.2,3.8,3.6,3.5,3.4,3.7,4.3,4.6,4.7,4.4,3.9,3.4,3.4,3.5,3.7,4.2,4.4,4.3,4.1,3.8,3.5,3.6,3.7,3.6,3.4,2.8,2.7,2.7,2.7,2.7,2.7,2.6,2.5,2.6,2.9,2.7,2.4,2.7,2.3,2.8,2.9,2.5,2.4,1.9
63,Rutherglen,204021065,4.0,3.9,4.1,4.1,4.0,3.6,3.4,3.6,4.2,5.0,5.4,5.3,4.8,4.1,4.1,4.3,4.5,5.1,5.7,5.8,5.4,5.1,4.3,4.2,4.3,4.1,3.8,3.1,2.9,2.8,2.7,3.0,2.9,2.7,2.6,2.6,2.8,2.9,2.5,2.8,2.6,2.8,3.0,2.5,2.4,2.0
64,Wangaratta,204021066,6.4,6.3,6.8,6.7,6.7,6.6,6.1,6.3,6.6,7.4,7.7,7.5,6.8,5.9,6.0,6.2,6.6,7.5,8.0,8.0,7.5,7.1,6.4,6.7,6.8,6.4,5.9,4.7,4.4,4.4,4.6,4.8,4.9,4.5,4.3,4.4,5.0,5.3,4.6,4.8,4.0,4.2,4.6,4.0,3.9,3.3
65,Wangaratta Region,204021067,3.2,3.0,3.2,3.2,3.0,2.9,2.7,2.9,3.3,3.9,4.0,3.9,3.4,3.0,3.2,3.2,3.2,3.5,3.7,3.7,3.5,3.3,2.8,2.9,2.9,2.6,2.4,1.8,1.7,1.6,1.6,1.7,1.8,1.8,1.8,1.9,2.2,2.2,1.9,2.0,1.8,2.0,2.2,1.8,1.7,1.3
66,Beechworth,204031068,3.9,3.9,4.3,4.1,4.0,3.8,3.4,3.5,3.9,4.3,4.5,4.4,3.8,3.2,3.2,3.2,3.4,3.9,4.7,4.8,4.7,4.6,4.0,4.2,4.3,4.0,3.7,2.8,2.6,2.5,2.5,2.6,2.6,2.6,2.4,2.4,2.4,2.2,1.9,2.3,2.3,2.7,2.8,2.2,1.9,1.4
67,Bright - Mount Beauty,204031069,3.9,3.9,4.3,4.3,4.3,4.3,3.9,4.0,4.4,4.8,5.1,5.0,4.4,3.9,3.8,3.8,3.7,3.9,3.9,3.7,3.5,3.5,3.2,3.2,3.2,2.9,2.6,2.2,2.1,2.1,2.1,2.1,2.0,1.8,1.7,1.7,1.9,2.0,2.0,2.7,2.8,3.2,3.3,2.4,2.1,1.6
68,Chiltern - Indigo Valley,204031070,4.7,4.5,4.7,4.7,4.9,4.6,4.1,3.9,3.9,4.3,4.6,4.7,4.5,3.9,4.0,4.2,4.1,4.6,5.2,5.4,5.3,5.1,4.4,4.5,4.5,4.3,4.0,3.2,2.9,2.8,2.7,2.9,2.9,3.1,3.2,3.4,3.8,3.7,3.0,2.9,2.4,2.6,2.8,2.5,2.4,1.9
69,Myrtleford,204031071,4.6,4.9,5.6,5.7,5.7,5.5,4.9,4.8,4.8,5.0,5.1,4.8,4.2,3.7,3.9,4.1,4.3,4.7,5.0,5.1,4.9,4.8,4.3,4.6,4.8,4.7,4.5,3.6,3.4,3.1,3.2,3.2,3.1,2.9,2.8,2.9,3.3,3.6,3.1,3.4,3.0,3.2,3.4,2.8,2.5,2.0
70,Towong,204031072,3.5,3.8,4.3,4.4,4.4,4.3,4.0,4.3,4.8,5.3,5.6,5.3,4.8,4.2,4.3,4.4,4.4,5.0,5.6,5.8,5.7,5.5,4.9,5.1,5.2,4.9,4.4,3.4,3.0,2.8,2.9,3.0,3.1,3.3,3.2,3.4,3.8,3.8,3.2,3.1,2.5,2.7,3.0,2.6,2.6,2.1
71,West Wodonga,204031073,4.5,4.4,4.9,4.8,4.8,4.7,4.5,4.7,5.2,5.9,6.2,6.1,5.6,4.9,5.1,5.3,5.5,6.4,6.9,7.0,6.6,6.0,5.2,5.2,5.2,4.8,4.5,3.6,3.4,3.5,3.6,3.8,4.1,4.1,4.1,4.3,4.7,4.9,4.2,4.3,3.6,3.7,3.9,3.4,3.3,2.8
72,Wodonga,204031074,6.2,6.3,6.9,6.8,6.7,6.5,6.1,6.4,7.0,7.8,8.2,7.9,7.1,6.1,6.2,6.3,6.4,7.2,7.8,7.9,7.5,7.1,6.3,6.4,6.6,6.2,5.7,4.6,4.3,4.3,4.5,4.7,4.8,4.6,4.4,4.5,5.2,5.5,4.8,5.0,4.2,4.3,4.6,4.0,3.9,3.2
73,Yackandandah,204031075,2.1,2.1,2.4,2.4,2.4,2.4,2.3,2.4,2.5,2.9,3.2,3.3,3.3,2.9,2.8,2.8,2.9,3.3,3.4,3.2,2.9,2.7,2.4,2.4,2.4,2.1,2.0,1.6,1.6,1.7,1.9,2.1,2.0,1.7,1.6,1.6,1.8,1.8,1.6,1.7,1.5,1.7,1.7,1.4,1.2,0.9
74,Drouin,205011076,4.3,4.3,4.1,4.2,3.8,3.9,4.1,4.1,4.1,4.2,4.0,4.1,4.5,4.7,4.9,4.7,4.7,4.4,4.3,4.8,5.1,5.9,6.6,6.7,6.5,5.8,5.4,5.2,5.1,5.1,5.4,5.1,4.4,3.9,3.0,2.8,2.7,2.9,3.2,3.7,4.7,4.8,5.1,4.8,4.4,4.1
75,Mount Baw Baw Region,205011077,3.1,3.0,2.9,3.0,2.8,2.9,3.2,3.3,3.4,3.3,3.1,3.1,3.4,3.5,3.6,3.4,3.3,3.1,3.0,3.4,3.4,3.9,4.5,4.5,4.5,4.0,3.8,3.7,3.6,3.7,3.9,3.8,3.2,2.8,2.2,1.9,1.9,2.0,2.3,2.7,3.4,3.6,4.0,3.8,3.5,3.3
76,Trafalgar (Vic.),205011078,3.4,3.3,3.2,3.3,3.2,3.3,3.5,3.4,3.3,3.2,3.0,3.1,3.5,3.7,3.8,3.6,3.4,3.2,3.0,3.4,3.6,4.2,4.8,5.0,5.0,4.6,4.3,4.1,4.1,4.1,4.3,4.1,3.5,3.0,2.2,1.9,1.9,1.9,2.3,2.6,3.3,3.4,3.7,3.7,3.5,3.3
77,Warragul,205011079,3.5,3.4,3.3,3.4,3.2,3.4,3.6,3.6,3.5,3.4,3.1,3.1,3.4,3.7,3.8,3.8,3.8,3.6,3.5,3.8,3.9,4.3,4.9,4.9,4.9,4.5,4.2,4.2,4.3,4.4,4.6,4.3,3.7,3.3,2.6,2.4,2.5,2.7,3.1,3.4,4.1,4.2,4.2,4.0,3.6,3.4
78,Bairnsdale,205021081,6.4,6.4,6.2,6.3,5.8,5.8,5.9,5.8,5.8,5.7,5.4,5.5,6.0,6.6,7.0,7.0,7.0,6.7,6.6,7.3,7.5,8.3,9.1,9.0,9.2,8.6,8.4,8.4,8.3,8.5,9.0,8.6,7.5,6.7,5.2,4.9,4.8,5.0,5.5,5.7,6.6,6.6,7.0,7.1,6.8,6.5
79,Bruthen - Omeo,205021082,3.8,3.7,3.5,3.4,3.2,3.2,3.5,3.8,4.0,3.9,3.4,3.2,3.5,3.6,3.7,3.6,3.6,3.4,3.3,3.7,4.0,4.9,5.7,5.8,6.0,5.3,5.0,4.8,4.7,4.7,4.8,4.6,3.9,3.5,2.7,2.4,2.5,2.7,2.9,3.1,3.6,3.6,3.8,3.6,3.4,3.2
80,Lakes Entrance,205021084,7.1,7.2,7.0,7.0,6.4,6.5,6.9,7.1,7.2,7.1,6.5,6.5,7.1,7.4,7.7,7.4,7.4,7.0,7.0,7.8,8.1,9.2,10.5,10.8,11.2,10.4,9.9,9.6,9.3,9.4,9.9,9.2,8.0,7.2,5.5,5.2,5.3,5.4,5.9,6.2,7.4,7.4,7.9,7.9,7.5,7.3
81,Orbost,205021085,6.9,6.8,6.6,6.7,6.4,6.6,6.7,6.6,6.7,6.8,6.3,6.5,7.2,7.5,8.0,7.7,7.6,7.1,6.8,7.6,8.0,9.5,11.2,11.8,12.2,11.1,10.4,9.7,9.2,9.3,10.0,9.5,8.4,7.7,6.1,5.8,5.9,6.1,6.6,7.0,8.4,8.4,9.3,9.4,8.8,8.4
82,Paynesville,205021086,5.0,4.7,4.4,4.5,4.3,4.6,4.6,4.6,4.5,4.4,4.3,4.6,5.2,5.7,6.0,5.8,6.0,5.7,5.7,6.4,6.5,7.7,9.0,9.2,9.1,8.0,7.0,6.5,6.2,6.1,6.5,6.2,5.4,4.9,3.8,3.7,3.9,4.2,4.9,5.2,6.0,6.1,6.5,6.4,6.0,5.5
83,Foster,205031087,3.4,3.5,3.4,3.3,3.0,3.0,3.3,3.4,3.5,3.4,3.2,3.3,3.6,4.0,4.1,4.0,4.0,3.6,3.4,3.8,3.9,4.6,5.4,5.7,5.7,5.1,4.7,4.4,4.2,4.2,4.3,4.0,3.5,3.0,2.3,2.2,2.1,2.3,2.8,3.2,4.1,4.3,4.5,4.2,3.7,3.5
84,Korumburra,205031089,3.8,3.8,3.6,3.6,3.3,3.4,3.6,3.7,3.7,3.6,3.3,3.4,3.8,4.1,4.3,4.1,4.0,3.8,3.5,4.0,4.1,4.7,5.5,5.7,5.8,5.4,5.1,4.9,4.9,5.0,5.2,5.0,4.2,3.6,2.8,2.5,2.5,2.5,2.9,3.3,4.0,4.1,4.2,4.0,3.6,3.3
85,Leongatha,205031090,2.9,2.9,2.9,2.9,2.7,2.8,2.9,2.8,2.8,2.7,2.6,2.6,2.9,3.1,3.3,3.3,3.4,3.2,3.1,3.5,3.7,4.1,4.5,4.3,4.3,4.0,3.7,3.7,3.7,3.7,3.8,3.6,3.0,2.7,2.2,2.0,2.0,2.1,2.4,2.7,3.5,3.5,3.6,3.4,2.9,2.7
86,Phillip Island,205031091,4.5,4.3,4.1,4.0,3.6,3.6,3.7,3.7,3.7,3.9,3.8,4.0,4.5,4.9,5.2,5.2,5.3,5.1,5.1,5.9,6.1,6.8,7.5,7.5,7.5,6.8,6.3,6.1,5.9,5.9,6.0,5.5,4.6,4.0,3.0,2.8,2.9,3.1,3.8,4.6,6.0,6.4,6.7,6.1,5.3,4.8
87,Wonthaggi - Inverloch,205031093,5.7,5.4,5.1,5.0,4.6,4.7,4.9,5.0,5.1,5.2,5.0,5.2,5.9,6.4,6.7,6.6,6.5,6.2,6.0,6.6,6.9,7.9,9.0,9.1,9.1,8.3,7.7,7.5,7.4,7.4,7.6,7.0,5.9,5.2,4.0,3.9,4.0,4.1,4.6,5.0,6.0,6.3,6.6,6.4,5.9,5.5
88,Churchill,205041094,5.9,5.7,5.3,5.1,4.5,4.6,4.8,4.9,5.0,4.9,4.6,4.7,4.9,5.1,5.4,5.2,5.3,5.2,5.0,5.7,6.1,7.1,8.3,8.7,8.6,7.8,7.1,6.7,6.6,6.7,7.1,6.7,5.8,5.2,4.0,3.8,3.8,3.8,4.3,4.7,5.6,5.7,6.0,5.9,5.6,5.3
89,Moe - Newborough,205041095,9.5,9.4,9.1,9.3,8.7,9.0,9.6,9.7,9.8,9.6,8.9,8.8,9.5,9.9,10.2,9.9,9.6,9.1,9.0,10.2,10.8,12.2,14.0,14.5,14.7,13.6,12.8,12.0,11.8,12.1,12.8,12.3,10.8,9.7,7.5,7.1,7.0,7.1,7.8,8.2,9.8,9.9,10.5,10.5,10.0,9.5
90,Morwell,205041096,14.7,14.5,13.9,13.5,12.0,12.2,12.6,12.6,12.6,12.0,10.8,10.7,11.6,12.4,13.1,13.0,13.3,12.9,12.9,14.8,15.6,17.9,20.4,21.0,21.1,19.0,17.7,16.6,16.0,16.5,18.0,17.4,15.6,14.0,10.9,10.2,10.1,10.3,11.3,11.8,14.0,14.0,15.3,15.7,15.6,15.3
91,Traralgon,205041097,4.8,4.7,4.5,4.4,4.0,4.1,4.2,4.3,4.4,4.3,4.0,4.2,4.5,4.8,5.0,4.8,4.8,4.6,4.5,5.1,5.3,6.0,6.8,7.1,7.3,6.8,6.5,6.2,5.9,5.9,6.3,5.9,5.1,4.7,3.6,3.4,3.4,3.4,4.0,4.4,5.3,5.5,5.7,5.6,5.3,5.0
92,Yallourn North - Glengarry,205041098,4.3,4.0,3.9,3.7,3.2,3.4,3.5,3.6,3.6,3.5,3.3,3.6,4.2,4.5,4.6,4.5,4.3,4.1,4.0,4.4,4.6,5.3,6.0,6.2,6.3,5.7,5.2,4.8,4.4,4.3,4.5,4.2,3.6,3.3,2.5,2.5,2.7,2.7,3.1,3.2,3.9,4.0,4.2,4.1,3.7,3.5
93,Longford - Loch Sport,205051100,4.7,4.6,4.6,4.8,4.7,5.0,5.1,5.1,5.0,4.7,4.1,3.9,4.0,3.9,4.0,3.9,3.9,3.9,3.9,4.7,5.1,5.9,6.9,7.2,7.4,6.8,6.3,6.0,5.6,5.7,6.1,5.6,5.0,4.4,3.5,3.6,3.9,4.1,4.7,4.8,5.6,5.8,6.3,6.3,6.0,5.7
94,Maffra,205051101,4.1,4.1,4.0,4.0,3.7,3.8,4.0,4.1,4.0,3.9,3.5,3.6,4.0,4.1,4.3,4.1,4.1,4.0,3.9,4.4,4.6,5.1,5.9,6.0,6.0,5.5,5.3,5.0,4.9,4.9,5.2,5.0,4.3,3.8,2.9,2.8,2.8,3.0,3.4,3.7,4.5,4.5,4.7,4.5,4.2,3.9
95,Rosedale,205051102,4.4,4.4,4.2,4.1,3.5,3.4,3.6,3.6,3.7,3.5,3.1,3.0,3.2,3.3,3.6,3.6,3.6,3.5,3.4,3.9,4.2,5.0,5.9,6.2,6.3,5.8,5.5,5.3,5.4,5.5,5.6,5.3,4.6,4.1,3.1,2.7,2.6,2.7,2.9,3.2,3.9,3.9,4.1,4.0,3.8,3.6
96,Sale,205051103,5.2,5.2,5.1,5.2,4.7,4.9,5.1,5.0,4.9,4.7,4.3,4.4,4.7,5.1,5.4,5.5,5.7,5.5,5.5,6.1,6.3,7.0,7.8,7.8,7.7,7.2,7.0,6.9,7.0,7.2,7.8,7.6,6.8,6.3,5.1,4.8,4.8,4.9,5.4,5.6,6.5,6.4,6.5,6.4,6.1,5.8
97,Yarram,205051104,4.9,4.6,4.4,4.2,3.8,3.7,3.7,3.7,3.8,4.1,4.0,4.4,5.0,5.3,5.5,5.3,5.3,4.8,4.7,5.0,5.2,6.0,7.1,7.4,7.6,7.0,6.5,6.1,5.9,6.0,6.3,6.1,5.4,5.0,3.9,3.9,4.0,4.0,4.4,4.5,5.4,5.6,6.1,5.9,5.3,5.0
98,Brunswick,206011105,5.9,5.8,5.5,5.3,5.4,6.1,6.7,6.9,6.7,6.6,7.2,8.0,8.7,9.5,9.0,8.6,8.8,8.3,8.4,8.1,7.3,6.6,6.2,5.8,5.9,5.8,6.1,6.4,6.2,6.1,5.8,5.8,5.5,5.6,5.6,5.4,5.5,5.2,5.8,6.4,7.0,7.4,6.9,6.3,6.0,5.5
99,Brunswick East,206011106,4.9,4.8,4.5,4.3,4.5,5.1,5.6,5.8,5.6,5.3,5.3,5.8,6.2,6.8,6.5,6.3,6.4,6.1,6.4,6.3,5.9,5.6,5.3,4.9,5.1,5.0,5.5,5.7,5.4,5.4,4.8,4.7,4.3,4.3,4.4,4.4,4.7,4.6,5.3,6.0,6.7,7.2,6.8,6.1,5.6,4.9
100,Brunswick West,206011107,5.6,5.3,5.0,4.7,4.8,5.4,6.0,6.4,6.2,6.2,6.8,7.7,8.6,9.8,9.5,9.6,10.0,9.5,9.7,9.3,8.4,8.0,7.5,6.9,7.1,7.1,7.7,8.3,8.1,7.9,7.2,6.9,6.4,6.4,6.5,6.5,6.6,6.3,6.8,7.2,8.1,8.6,8.1,7.4,7.1,6.5
101,Coburg,206011108,6.4,6.3,5.9,5.6,5.8,6.6,7.4,7.8,7.7,7.5,7.8,8.6,9.4,10.2,10.0,9.7,9.7,8.9,8.8,8.6,8.0,7.7,7.6,7.3,7.6,7.7,8.1,8.6,8.6,8.5,8.1,8.0,7.4,7.6,7.5,7.3,7.4,7.0,7.5,7.8,8.5,8.8,8.4,7.8,7.4,6.7
102,Pascoe Vale South,206011109,3.2,3.0,3.0,3.0,3.0,3.3,3.6,3.9,4.0,4.3,4.9,5.5,6.1,6.7,6.4,6.2,6.2,5.7,5.6,5.4,5.1,4.9,4.7,4.6,4.8,4.8,5.2,5.6,5.5,5.5,5.3,5.1,4.8,4.9,4.8,4.6,4.7,4.6,5.0,5.4,5.9,6.2,5.8,5.3,5.1,4.7
103,Alphington - Fairfield,206021110,3.8,3.6,3.5,3.4,3.5,3.9,4.3,4.5,4.4,4.4,4.7,5.3,5.9,6.5,6.1,5.8,5.7,5.1,5.3,5.4,5.1,5.1,4.7,4.3,4.2,4.1,4.5,4.8,4.7,4.6,4.1,4.0,3.8,4.0,4.1,4.0,4.2,4.1,4.7,5.2,5.8,6.1,5.8,5.3,4.9,4.5
104,Northcote,206021111,4.8,4.6,4.3,4.1,4.2,4.6,5.2,5.3,5.0,4.9,5.3,5.9,6.5,7.3,7.0,6.8,7.0,6.5,6.7,6.6,6.2,5.9,5.5,4.9,5.0,4.8,5.1,5.5,5.4,5.5,5.1,5.0,4.6,4.6,4.7,4.5,4.7,4.5,5.1,5.7,6.4,6.7,6.1,5.4,4.8,4.2
105,Thornbury,206021112,5.9,5.8,5.5,5.2,5.3,5.9,6.5,6.7,6.4,6.3,6.7,7.6,8.4,9.4,9.2,8.8,8.9,8.2,8.1,7.9,7.1,6.7,6.4,6.1,6.3,6.2,6.6,7.0,7.0,7.0,6.5,6.4,5.8,5.9,6.0,6.0,6.2,5.9,6.5,7.0,7.8,8.2,7.6,6.9,6.5,6.0
106,Ascot Vale,206031113,7.3,7.2,6.7,6.2,6.2,6.6,7.3,7.6,7.3,7.4,7.9,8.8,9.7,10.6,10.3,10.2,10.7,10.1,10.3,10.0,9.1,8.6,8.2,7.8,8.0,7.8,8.3,8.7,8.5,8.4,7.7,7.4,7.0,7.5,8.0,8.4,8.8,8.4,8.2,7.8,8.1,8.0,7.8,7.4,7.2,6.7
107,Essendon - Aberfeldie,206031114,2.6,2.5,2.4,2.4,2.4,2.8,3.1,3.3,3.2,3.2,3.5,3.8,4.1,4.5,4.4,4.3,4.3,4.0,3.9,3.8,3.6,3.6,3.6,3.5,3.6,3.5,3.7,3.9,3.7,3.7,3.4,3.4,3.2,3.4,3.5,3.5,3.6,3.3,3.7,4.1,4.7,5.0,4.7,4.3,4.0,3.7
108,Flemington,206031115,10.9,10.6,9.9,9.3,9.2,9.8,10.7,11.1,10.8,10.9,11.7,12.9,14.1,15.1,14.6,14.3,14.6,13.9,14.0,13.6,12.7,12.5,12.3,12.0,12.3,12.1,12.7,13.4,13.2,13.1,12.6,12.6,12.1,12.9,13.2,13.0,13.3,12.6,12.3,12.0,12.3,12.1,11.6,11.1,10.9,10.2
109,Moonee Ponds,206031116,2.5,2.5,2.5,2.5,2.5,2.9,3.2,3.3,3.2,3.2,3.4,3.9,4.4,4.8,4.7,4.6,4.9,5.0,5.4,5.4,4.9,4.5,4.1,3.9,4.0,4.0,4.2,4.4,4.5,4.5,4.2,4.1,3.7,3.8,3.8,3.7,3.8,3.6,4.0,4.4,5.0,5.4,5.1,4.7,4.5,4.1
110,Carlton,206041117,6.4,6.4,6.3,6.2,6.3,6.7,7.1,7.2,6.9,6.8,7.0,7.5,7.9,8.5,8.5,8.7,9.3,9.0,9.1,9.0,8.5,8.1,7.7,7.2,7.4,7.4,7.8,8.1,7.8,7.5,6.9,6.6,6.2,6.2,6.3,6.2,6.4,6.3,6.5,6.7,7.0,7.4,7.3,7.2,7.5,7.4
111,Docklands,206041118,1.3,1.2,1.1,1.1,1.1,1.3,1.6,1.8,1.9,2.1,2.3,2.4,2.6,2.7,2.6,2.6,2.6,2.4,2.5,2.4,2.1,2.0,1.8,1.7,1.8,1.7,1.9,2.1,2.1,2.1,1.9,1.9,1.7,1.8,1.9,1.9,1.9,1.8,2.2,2.7,3.4,4.0,4.0,3.7,3.5,3.2
112,East Melbourne,206041119,1.5,1.3,1.3,1.2,1.2,1.4,1.7,1.8,1.8,1.7,1.8,1.9,2.2,2.4,2.3,2.3,2.3,2.1,2.1,2.0,1.8,1.7,1.5,1.4,1.4,1.3,1.5,1.5,1.4,1.4,1.3,1.3,1.3,1.4,1.4,1.2,1.2,1.2,1.8,2.4,3.1,3.6,3.5,3.3,3.1,2.7
113,Kensington (Vic.),206041121,4.1,4.0,3.9,3.8,3.9,4.2,4.7,4.8,4.6,4.6,5.0,5.5,6.1,6.8,6.5,6.3,6.4,5.9,6.0,5.9,5.6,5.4,5.1,4.9,5.0,5.0,5.3,5.6,5.5,5.6,5.3,5.3,4.9,4.9,5.0,4.9,5.0,4.7,5.0,5.3,5.8,6.1,5.7,5.2,4.9,4.4
114,Melbourne,206041122,2.5,2.4,2.3,2.2,2.2,2.3,2.5,2.5,2.4,2.4,2.5,2.8,3.0,3.4,3.4,3.4,3.5,3.2,3.1,3.0,2.8,2.8,2.8,2.7,2.9,2.8,3.0,3.3,3.2,3.3,3.2,3.1,3.0,3.2,3.3,3.4,3.4,3.3,3.5,3.8,4.3,5.1,5.6,6.0,6.7,6.7
115,North Melbourne,206041123,6.9,6.6,6.3,6.0,6.2,6.8,7.1,7.3,7.0,6.8,7.4,8.1,8.7,9.6,9.2,9.2,9.7,9.2,9.3,8.9,8.1,7.5,6.9,6.5,6.6,6.4,6.8,7.3,7.2,7.2,6.8,6.5,5.9,6.0,6.0,6.0,6.3,6.2,6.4,6.6,7.0,7.3,7.1,7.0,7.1,6.9
116,Parkville,206041124,2.8,2.6,2.5,2.5,2.6,2.9,3.0,3.0,2.8,2.7,3.0,3.4,3.8,4.4,4.2,4.2,4.2,3.9,3.9,3.8,3.5,3.3,3.3,3.2,3.6,3.7,4.2,4.3,4.2,4.2,3.9,3.7,3.5,3.5,3.5,3.5,3.6,3.5,3.9,4.3,4.8,5.2,5.0,4.7,4.4,3.9
117,South Yarra - West,206041125,1.8,1.6,1.4,1.3,1.3,1.4,1.6,1.8,1.8,2.0,2.2,2.4,2.6,2.8,2.7,2.8,2.9,2.8,2.8,2.6,2.4,2.4,2.1,1.8,1.8,1.6,1.8,1.9,1.9,2.0,1.9,2.0,2.0,2.2,2.3,2.2,2.2,2.1,2.6,3.2,3.8,4.1,3.8,3.3,3.1,2.6
118,Southbank,206041126,2.2,2.2,2.1,2.0,2.1,2.3,2.5,2.5,2.3,2.1,2.1,2.2,2.4,2.6,2.5,2.6,2.7,2.6,2.6,2.4,2.1,1.9,1.8,1.6,1.8,1.8,2.0,2.1,2.1,2.0,1.8,1.9,1.8,1.7,1.8,1.7,1.7,1.7,2.1,2.6,3.2,3.9,3.8,3.6,3.5,3.1
119,Albert Park,206051128,1.9,1.8,1.8,1.7,1.8,2.0,2.3,2.4,2.3,2.2,2.2,2.4,2.7,3.1,3.1,3.1,3.2,3.0,2.9,2.8,2.4,2.2,2.1,2.1,2.2,2.2,2.2,2.3,2.1,2.1,1.9,1.8,1.6,1.7,1.9,2.0,2.1,2.0,2.5,3.0,3.6,3.9,3.6,3.1,2.7,2.3
120,Elwood,206051129,3.2,3.0,2.7,2.5,2.5,2.8,3.2,3.4,3.3,3.3,3.6,4.0,4.4,4.8,4.6,4.5,4.6,4.3,4.3,4.2,3.9,3.9,3.7,3.4,3.5,3.3,3.6,3.8,3.6,3.5,3.2,3.1,2.9,3.1,3.2,3.1,3.2,3.1,3.7,4.3,5.1,5.6,5.1,4.5,4.0,3.5
121,Port Melbourne,206051130,3.0,2.9,2.7,2.7,2.8,3.0,3.3,3.3,3.1,3.1,3.4,3.9,4.3,4.8,4.5,4.3,4.4,4.0,4.1,4.0,3.7,3.6,3.5,3.4,3.5,3.5,3.9,4.3,4.3,4.3,4.1,4.2,4.1,4.2,4.1,4.0,4.1,4.1,4.4,4.6,5.0,5.1,4.9,4.5,4.4,4.1
123,South Melbourne,206051132,4.8,4.7,4.4,4.1,4.1,4.3,4.7,4.7,4.5,4.4,4.6,5.1,5.8,6.6,6.6,6.6,7.1,6.7,7.0,7.1,6.6,6.5,6.4,6.2,6.4,6.3,6.8,7.0,7.0,7.1,6.9,7.2,7.0,7.3,7.5,7.3,7.4,7.0,6.9,6.8,7.1,7.0,6.6,6.2,6.1,5.7
124,St Kilda,206051133,4.5,4.2,3.9,3.7,3.7,4.1,4.5,4.7,4.5,4.4,4.9,5.6,6.3,7.2,7.0,7.0,7.1,6.4,6.3,6.1,5.7,5.6,5.4,5.1,5.1,4.9,5.4,5.8,5.8,5.7,5.4,5.4,5.1,5.5,5.6,5.6,5.8,5.5,5.9,6.3,6.8,7.0,6.6,6.0,5.8,5.4
125,St Kilda East,206051134,4.4,4.2,3.9,3.8,3.8,4.1,4.5,4.5,4.4,4.3,4.7,5.3,5.9,6.5,6.2,5.9,6.0,5.8,6.1,6.1,5.8,5.4,5.0,4.6,4.6,4.5,4.8,5.0,4.8,4.8,4.5,4.4,4.2,4.3,4.5,4.7,5.0,5.0,5.5,5.7,6.1,6.4,5.9,5.3,5.0,4.5
126,Armadale,206061135,2.2,2.2,2.2,2.1,2.1,2.3,2.5,2.6,2.6,2.6,2.7,2.9,3.2,3.6,3.5,3.5,3.5,3.1,3.1,2.9,2.6,2.4,2.2,1.9,1.9,1.9,2.2,2.5,2.6,2.6,2.3,2.2,1.9,1.9,1.8,1.7,1.9,1.9,2.6,3.2,3.9,4.3,3.9,3.5,3.1,2.6
127,Prahran - Windsor,206061136,3.7,3.5,3.2,3.1,3.1,3.4,3.7,3.8,3.7,3.8,4.2,4.6,5.1,5.6,5.5,5.6,5.9,5.8,6.1,5.9,5.3,4.7,4.1,3.8,3.8,3.7,4.0,4.2,4.2,4.1,3.7,3.5,3.3,3.5,3.6,3.6,3.6,3.3,4.0,4.6,5.3,5.7,5.0,4.4,3.9,3.3
128,South Yarra - East,206061137,3.3,3.2,3.1,3.1,3.2,3.5,3.7,3.7,3.4,3.3,3.5,4.0,4.5,5.1,4.9,4.8,4.8,4.4,4.4,4.1,3.7,3.4,3.2,3.0,3.0,3.0,3.1,3.4,3.4,3.3,3.2,3.1,2.8,2.9,2.9,2.9,3.0,2.9,3.4,4.0,4.6,4.9,4.6,4.2,4.1,3.7
129,Toorak,206061138,1.7,1.7,1.6,1.6,1.5,1.6,1.8,1.9,1.9,2.1,2.3,2.6,2.8,3.2,3.1,3.2,3.2,3.0,2.9,2.7,2.6,2.5,2.6,2.5,2.6,2.5,2.7,2.8,2.6,2.4,2.1,2.0,1.8,1.8,1.8,1.9,2.0,2.0,2.6,3.1,3.6,3.9,3.4,2.9,2.6,2.3
130,Abbotsford,206071139,5.6,5.1,4.6,4.4,4.5,5.1,5.6,5.6,5.3,4.8,4.8,5.2,5.5,5.9,5.5,5.3,5.4,5.2,5.3,5.1,4.5,4.1,3.7,3.3,3.4,3.4,3.8,4.1,4.1,4.0,3.6,3.3,2.9,2.8,2.8,2.9,3.1,3.0,3.7,4.1,4.7,5.2,4.9,4.6,4.5,4.1
131,Carlton North - Princes Hill,206071140,4.4,4.3,4.2,4.1,4.0,4.3,4.7,4.7,4.5,4.4,4.6,5.2,5.8,6.6,6.3,6.5,6.7,6.6,6.8,6.7,6.2,5.8,5.3,4.7,4.6,4.4,4.7,5.2,5.2,5.1,4.8,4.4,4.0,4.1,4.1,4.4,4.6,4.3,5.1,5.8,6.8,7.4,6.8,6.0,5.5,4.9
132,Collingwood,206071141,11.3,10.9,10.2,9.7,9.8,10.6,11.4,11.2,10.4,9.8,10.3,11.5,12.8,13.9,13.1,12.7,12.8,12.0,12.2,12.1,11.3,11.0,10.3,9.5,9.6,9.2,9.8,10.3,10.1,10.1,9.5,9.5,9.1,10.0,10.7,11.1,11.5,10.9,10.6,10.1,10.2,10.0,9.5,8.8,8.5,7.9
133,Fitzroy,206071142,9.6,9.5,9.1,8.6,8.6,9.1,9.8,9.8,9.3,9.1,9.7,10.9,12.0,13.1,12.5,12.1,12.3,11.3,11.3,10.9,9.8,9.3,8.7,8.2,8.4,8.2,8.9,9.3,9.0,9.0,8.4,8.3,7.8,8.3,8.5,8.6,9.1,9.1,9.4,9.6,10.1,10.0,9.4,8.8,8.3,7.5
134,Fitzroy North,206071143,5.3,5.1,4.8,4.5,4.5,5.0,5.4,5.4,5.2,5.1,5.6,6.1,6.8,7.3,6.9,6.8,6.8,6.5,6.8,6.8,6.4,6.2,5.8,5.4,5.5,5.3,5.5,5.7,5.5,5.4,5.1,4.9,4.7,4.8,5.0,4.8,4.9,4.6,5.1,5.7,6.4,6.8,6.2,5.4,4.9,4.4
135,Richmond (Vic.),206071144,4.8,4.6,4.3,4.0,4.1,4.4,4.7,4.9,4.7,4.6,4.9,5.4,6.0,6.7,6.5,6.4,6.5,6.0,6.1,5.9,5.5,5.2,4.9,4.5,4.6,4.4,4.7,4.9,4.9,5.0,4.9,4.9,4.7,4.9,4.9,4.9,5.2,5.0,5.3,5.4,5.6,5.6,5.2,4.7,4.5,4.2
136,Yarra - North,206071145,3.7,3.5,3.3,3.2,3.3,3.7,3.9,4.0,3.7,3.5,3.6,4.0,4.6,5.2,5.2,5.0,5.0,4.8,4.9,4.9,4.5,4.4,4.1,3.9,4.1,3.9,4.2,4.4,4.2,4.1,3.8,3.8,3.5,3.7,3.8,3.9,4.1,4.2,4.6,4.9,5.2,5.1,4.6,4.0,3.6,3.3
137,Ashburton (Vic.),207011146,5.6,5.6,5.8,5.9,5.2,4.9,4.9,4.8,4.8,5.4,5.3,5.5,6.2,6.6,6.8,6.8,6.3,6.1,6.3,6.3,6.0,6.0,6.1,6.3,7.3,7.3,7.2,6.9,6.3,6.1,5.8,5.8,5.3,4.7,4.7,4.6,4.7,5.1,5.2,5.0,5.3,5.7,5.6,5.6,5.4,4.4
138,Balwyn,207011147,3.5,3.4,3.5,3.8,3.6,3.7,3.7,3.6,3.5,3.7,3.5,3.7,4.3,4.8,5.1,5.1,4.6,4.5,4.5,4.5,4.3,4.5,4.6,4.5,4.9,4.5,4.4,4.7,4.6,4.7,4.6,4.2,3.7,3.2,3.2,3.4,3.8,4.3,4.7,4.8,5.1,5.6,5.3,5.2,5.0,3.9
139,Balwyn North,207011148,3.2,3.1,3.3,3.5,3.3,3.3,3.3,3.3,3.2,3.5,3.4,3.7,4.3,4.9,5.2,5.1,4.7,4.4,4.4,4.6,4.3,4.4,4.4,4.2,4.6,4.4,4.5,4.7,4.7,4.8,4.6,4.4,3.8,3.5,3.6,3.5,3.7,3.8,4.0,4.0,4.4,4.9,4.7,4.6,4.4,3.6
140,Camberwell,207011149,2.7,2.5,2.5,2.7,2.6,2.7,2.9,2.9,2.9,3.0,2.9,2.9,3.2,3.6,3.8,3.8,3.5,3.3,3.4,3.5,3.4,3.3,3.2,3.2,3.7,3.9,3.8,3.7,3.5,3.5,3.5,3.5,3.2,2.9,2.8,2.7,2.7,2.7,3.1,3.3,3.9,4.6,4.3,4.2,4.0,3.1
141,Glen Iris - East,207011150,2.8,2.6,2.7,2.7,2.4,2.5,2.4,2.5,2.5,2.5,2.4,2.5,2.7,3.2,3.4,3.4,3.1,2.8,2.9,3.0,2.9,2.8,2.7,2.5,2.8,2.6,2.5,2.6,2.5,2.4,2.4,2.1,1.8,1.6,1.7,1.8,2.0,2.2,2.5,2.7,3.1,3.5,3.3,3.1,2.8,2.2
142,Hawthorn,207011151,3.2,3.1,3.2,3.4,3.2,3.3,3.3,3.4,3.4,3.6,3.4,3.4,3.8,4.4,4.7,4.7,4.4,4.2,4.3,4.4,4.3,4.2,4.0,4.0,4.3,4.1,4.2,4.2,4.3,4.4,4.1,3.9,3.4,3.0,3.2,3.1,3.2,3.3,3.7,3.8,4.3,4.9,4.8,4.8,4.8,4.0
143,Hawthorn East,207011152,2.9,2.9,3.1,3.3,3.1,3.0,3.0,3.0,2.9,3.0,2.9,3.0,3.6,4.3,4.6,4.5,4.2,3.7,3.8,4.1,4.0,4.0,3.9,3.6,3.9,3.7,3.8,3.8,3.7,3.6,3.5,3.3,3.0,2.6,2.5,2.5,2.6,2.7,3.3,3.5,4.1,4.8,4.6,4.6,4.4,3.5
144,Kew,207011153,2.7,2.7,2.8,3.0,2.8,2.8,2.8,2.9,2.9,3.0,2.8,2.7,3.0,3.5,3.8,4.0,3.9,3.9,4.2,4.4,4.3,4.2,4.0,3.8,4.0,3.8,3.7,3.8,3.8,4.0,4.0,3.8,3.3,2.8,2.7,2.8,3.1,3.5,4.1,4.3,4.8,5.4,5.1,5.0,4.6,3.6
145,Kew East,207011154,3.9,3.8,4.2,4.4,3.8,3.5,3.1,3.0,3.0,3.4,3.5,3.7,4.4,4.9,5.2,5.2,4.6,4.2,4.0,4.1,3.9,3.8,4.0,4.1,4.5,4.7,4.5,4.7,4.6,4.7,5.0,4.8,4.4,3.9,3.6,3.4,3.6,3.7,4.0,4.1,4.6,5.0,4.8,4.9,4.9,4.3
146,Surrey Hills (West) - Canterbury,207011155,2.2,2.1,2.3,2.4,2.4,2.3,2.2,2.3,2.1,2.3,2.2,2.3,2.9,3.4,3.8,4.0,3.7,3.6,3.7,3.8,3.7,3.5,3.5,3.4,3.7,3.6,3.5,3.5,3.3,3.2,3.0,3.0,2.7,2.6,2.8,2.8,2.9,3.0,3.2,3.3,3.5,3.9,3.6,3.5,3.2,2.6
147,Bulleen,207021156,4.9,4.8,5.3,5.7,5.4,5.3,5.1,5.0,5.0,5.5,5.3,5.7,6.8,7.5,8.2,8.3,7.6,7.1,6.9,6.8,6.5,6.5,6.5,6.8,7.6,7.6,7.8,7.9,7.8,8.0,7.9,7.5,6.7,6.1,6.0,5.7,5.9,5.8,6.0,6.0,6.6,7.5,7.5,7.7,7.6,6.4
148,Doncaster,207021157,6.0,5.5,5.6,5.9,5.6,5.6,5.9,6.1,6.2,7.1,7.0,7.4,8.6,9.6,10.2,10.1,9.4,8.8,9.0,9.0,8.5,8.4,8.2,8.2,8.9,8.4,8.3,8.3,8.1,8.6,8.4,8.1,7.1,6.1,6.1,6.1,6.5,7.3,7.8,7.9,8.7,9.6,9.5,9.5,9.1,7.4
149,Templestowe,207021159,3.6,3.3,3.4,3.6,3.3,3.3,3.3,3.4,3.5,3.9,3.9,4.3,4.9,5.6,6.0,6.0,5.8,5.7,6.0,6.2,5.8,5.4,5.1,4.9,5.3,5.2,5.3,5.3,5.3,5.7,5.5,5.3,4.7,4.0,3.9,3.8,4.1,4.6,5.2,5.5,6.0,6.6,6.5,6.4,6.3,5.2
150,Templestowe Lower,207021160,4.4,4.1,4.2,4.3,4.0,4.2,4.2,4.4,4.3,4.7,4.6,4.9,5.9,6.8,7.5,7.6,7.1,6.9,7.2,7.5,7.3,7.3,7.0,6.7,7.4,7.0,7.2,7.5,7.4,7.8,7.5,6.8,6.0,5.2,5.2,5.3,5.6,6.0,6.3,6.3,6.8,7.5,7.3,7.4,7.0,5.7
153,Blackburn,207031161,5.0,4.6,4.6,4.9,4.5,4.6,4.7,4.8,4.7,5.1,4.9,5.1,5.8,6.5,6.9,6.8,6.4,6.2,6.2,6.4,6.1,5.9,5.7,5.4,6.1,5.9,6.0,6.2,6.1,6.2,6.0,5.8,5.1,4.6,4.7,4.7,5.0,5.4,5.6,5.5,5.8,6.1,6.0,6.0,5.9,5.1
154,Blackburn South,207031162,5.3,5.0,5.2,5.5,5.1,5.1,5.1,5.1,5.1,5.5,5.6,6.0,7.0,8.0,8.5,8.1,7.3,7.2,7.4,7.9,7.8,7.9,8.3,8.4,9.2,9.1,9.2,9.5,9.6,9.9,9.5,8.9,7.9,6.7,6.5,6.5,6.7,7.3,7.4,7.0,7.4,7.8,7.8,8.0,7.8,6.6
155,Box Hill,207031163,7.0,6.7,6.9,7.1,6.6,6.6,6.7,6.9,7.0,7.6,7.1,7.3,8.2,9.4,10.2,10.3,9.6,9.1,9.5,9.9,9.6,9.3,9.0,8.7,9.6,9.4,9.4,9.7,9.7,10.1,9.9,9.1,7.7,6.7,6.7,6.8,7.2,7.5,7.3,7.0,7.2,8.0,8.2,8.7,9.0,7.8
156,Box Hill North,207031164,5.7,5.3,5.3,5.6,5.1,5.1,5.1,5.2,5.3,5.9,5.9,6.2,7.3,8.3,8.8,8.6,7.8,7.5,7.6,7.8,7.4,7.4,7.4,7.4,8.1,7.8,7.5,7.3,7.1,7.2,7.1,6.9,5.9,5.2,5.0,4.9,5.1,5.5,5.6,5.4,5.7,6.1,6.2,6.3,6.2,5.1
157,Burwood,207031165,7.4,7.0,7.3,7.6,7.1,7.1,7.0,7.1,6.9,7.4,7.1,7.3,8.5,9.4,9.9,9.6,9.0,9.1,9.5,10.0,9.8,9.4,9.2,9.1,9.9,9.6,9.9,10.1,10.3,10.6,9.9,9.4,8.1,7.3,7.8,7.8,8.1,8.7,8.1,7.6,7.7,7.9,8.4,9.1,9.4,8.2
158,Burwood East,207031166,5.5,4.9,4.5,4.7,4.3,4.4,4.5,4.5,4.5,4.7,4.7,5.1,6.1,7.5,8.1,8.2,7.5,7.1,7.2,7.5,7.4,7.5,7.4,7.1,7.8,7.4,7.5,7.7,7.9,8.5,8.4,8.1,7.3,6.4,6.4,6.2,6.2,6.2,6.1,6.1,6.7,7.7,8.0,8.4,8.1,6.5
159,Surrey Hills (East) - Mont Albert,207031167,2.9,2.9,3.1,3.2,2.9,2.9,2.8,2.8,2.8,2.9,2.9,3.3,4.1,5.2,5.7,5.6,5.0,4.6,4.4,4.4,4.2,4.0,3.9,3.7,3.9,3.6,3.4,3.4,3.5,3.7,3.7,3.5,2.8,2.3,2.5,2.7,3.1,3.7,4.0,4.2,4.5,4.8,4.7,4.7,4.5,3.7
160,Beaumaris,208011168,1.7,1.5,1.5,1.7,1.9,2.2,2.2,2.2,2.3,2.4,2.4,2.4,2.4,2.1,2.2,2.3,2.4,2.3,2.3,2.0,1.8,1.8,1.7,1.7,1.7,1.7,1.8,2.0,2.2,2.3,2.3,2.0,1.7,1.7,1.7,1.8,1.8,1.8,2.5,3.1,3.9,4.1,3.5,2.8,1.9,1.4
161,Brighton (Vic.),208011169,2.3,2.0,1.9,2.1,2.3,2.7,2.8,3.1,3.4,3.6,3.5,3.4,3.2,3.0,3.1,3.5,3.9,3.9,3.8,3.3,3.0,2.9,2.8,2.8,2.7,2.6,2.7,2.9,2.9,2.8,2.6,2.1,1.8,1.8,1.7,1.7,1.6,1.7,2.3,3.0,3.6,3.9,3.4,2.7,2.0,1.6
162,Brighton East,208011170,2.3,2.2,2.2,2.3,2.5,2.8,2.7,3.0,3.4,3.7,3.7,3.6,3.3,3.0,3.2,3.4,3.9,3.9,3.7,3.3,2.9,3.1,3.1,3.2,3.2,3.0,3.0,3.1,3.0,2.9,2.7,2.4,2.2,2.3,2.2,2.2,2.2,2.5,3.3,4.0,4.7,4.8,4.2,3.5,2.7,2.1
163,Cheltenham - Highett (West),208011171,4.8,4.5,4.3,4.5,4.8,5.3,5.4,6.0,6.6,7.2,7.3,7.1,6.9,6.5,6.7,7.0,7.5,7.3,7.0,6.2,5.9,6.0,5.9,6.1,5.9,5.7,6.0,6.2,6.3,6.2,6.2,5.6,4.8,4.7,4.5,4.6,4.7,5.0,5.7,6.3,7.1,6.9,6.2,5.3,4.3,3.5
164,Hampton,208011172,5.0,4.4,4.1,4.1,4.2,4.5,4.4,4.7,5.2,5.5,5.4,5.2,5.0,4.7,5.0,5.2,5.7,5.6,5.2,4.7,4.3,4.4,4.5,4.6,4.4,4.2,4.5,4.7,4.8,4.7,4.6,4.1,3.9,4.3,4.4,4.6,4.6,4.6,5.1,5.6,6.2,5.9,5.3,4.5,3.6,3.0
165,Sandringham - Black Rock,208011173,2.4,2.2,2.2,2.3,2.4,2.7,2.7,3.0,3.3,3.4,3.3,3.2,3.0,2.6,2.6,2.7,2.9,2.9,2.8,2.3,2.1,2.1,2.1,2.2,2.2,2.1,2.2,2.4,2.4,2.3,2.4,2.3,2.3,2.6,2.5,2.6,2.6,2.9,3.7,4.4,5.1,4.9,4.3,3.5,2.6,2.0
166,Bentleigh - McKinnon,208021174,3.5,3.2,3.1,3.3,3.5,3.8,3.7,4.0,4.3,4.6,4.7,4.6,4.5,4.3,4.3,4.5,4.8,4.8,4.6,4.2,3.8,3.9,3.9,3.9,3.9,3.8,4.0,4.2,4.1,3.8,3.6,3.1,2.8,2.9,2.9,3.0,3.1,3.3,4.0,4.8,5.7,5.8,5.2,4.4,3.3,2.6
167,Carnegie,208021176,3.7,3.4,3.3,3.4,3.6,4.0,3.9,4.3,4.7,5.0,4.9,4.7,4.5,4.2,4.4,4.8,5.3,5.2,5.0,4.5,4.3,4.6,4.5,4.5,4.2,3.9,4.2,4.4,4.4,4.2,4.0,3.4,3.1,3.3,3.3,3.5,3.5,3.7,4.2,4.7,5.5,5.5,5.0,4.2,3.4,2.8
168,Caulfield - North,208021177,3.5,3.2,3.2,3.2,3.3,3.5,3.4,3.8,4.3,4.9,5.0,5.1,5.0,4.6,4.8,5.2,5.6,5.4,5.1,4.3,3.8,3.7,3.5,3.4,3.4,3.2,3.5,3.8,3.8,3.7,3.4,2.9,2.6,2.7,2.7,2.9,2.9,3.1,4.0,4.8,5.8,5.9,5.2,4.3,3.4,2.7
169,Caulfield - South,208021178,4.0,3.6,3.3,3.3,3.5,3.9,3.9,4.4,4.9,5.5,5.5,5.3,5.1,4.5,4.7,4.9,5.5,5.4,5.0,4.4,3.9,3.9,3.8,3.9,3.8,3.7,4.1,4.2,4.1,3.9,3.7,3.3,3.1,3.2,3.1,3.3,3.2,3.4,4.2,4.8,5.6,5.6,4.9,4.2,3.3,2.7
170,Elsternwick,208021179,4.0,3.6,3.3,3.4,3.6,3.9,3.9,4.2,5.0,5.7,5.6,5.7,5.4,5.1,5.3,5.4,5.8,5.5,5.1,4.5,3.9,4.0,3.9,3.9,3.8,3.4,3.5,3.5,3.3,3.1,3.0,2.6,2.5,2.7,2.7,2.8,2.7,2.9,3.7,4.6,5.4,5.5,4.8,3.9,3.1,2.4
171,Hughesdale,208021180,4.2,4.2,4.4,4.7,5.1,5.3,4.9,5.0,5.4,6.1,6.2,6.3,6.2,5.6,5.6,5.6,5.9,5.9,5.8,5.2,4.7,4.8,4.7,4.7,4.7,4.4,4.4,4.7,4.9,5.1,5.2,4.9,4.4,4.4,4.2,4.2,4.1,4.2,4.8,5.2,6.1,6.1,5.5,4.8,3.7,2.9
172,Murrumbeena,208021181,3.7,3.3,3.0,3.0,3.0,3.2,3.3,3.9,4.5,5.1,5.1,5.0,5.0,4.7,5.0,5.2,5.7,5.5,5.1,4.4,4.0,4.2,4.2,4.3,4.1,3.9,4.1,4.2,4.1,3.9,3.7,3.3,3.0,3.2,3.1,3.1,3.0,3.6,4.4,5.1,6.0,5.6,4.9,4.0,3.1,2.4
173,Ormond - Glen Huntly,208021182,4.2,3.9,3.7,3.8,4.0,4.1,4.1,4.4,4.7,5.0,4.8,4.7,4.8,4.7,5.0,5.5,5.9,5.7,5.5,4.9,4.7,4.9,4.8,4.8,4.6,4.3,4.4,4.5,4.6,4.3,4.2,3.7,3.4,3.6,3.6,3.8,3.8,3.9,4.4,5.0,5.8,5.9,5.4,4.6,3.7,3.2
176,Aspendale Gardens - Waterways,208031183,2.7,2.6,2.5,2.6,2.8,3.0,3.1,3.6,3.9,4.4,4.4,4.5,4.4,4.0,4.0,4.2,4.7,4.7,4.7,4.2,3.7,4.0,3.9,4.1,4.1,3.9,4.0,3.9,4.0,3.8,3.9,3.5,3.1,3.1,3.0,3.2,3.3,3.8,4.5,5.2,6.1,5.9,5.3,4.3,3.1,2.5
177,Carrum - Patterson Lakes,208031185,5.3,4.9,5.0,5.3,5.8,6.4,6.5,7.3,8.0,8.6,8.3,8.2,8.0,7.3,7.7,7.9,8.6,8.5,8.0,7.0,6.5,6.8,7.1,7.5,7.5,7.2,7.3,7.6,7.6,7.2,6.8,5.9,5.1,5.5,5.5,5.8,5.9,6.2,6.8,7.4,8.4,8.1,7.4,6.2,4.8,3.9
178,Chelsea - Bonbeach,208031186,7.9,7.4,7.2,7.4,7.7,8.3,8.1,8.6,9.4,10.0,9.8,9.9,9.4,8.6,8.8,9.0,10.0,10.0,9.5,8.3,7.4,7.7,7.8,8.0,7.8,7.1,7.2,7.6,7.7,7.7,7.4,6.6,6.1,6.6,6.5,6.7,6.8,7.0,7.5,8.0,8.4,7.6,7.0,5.9,4.7,4.0
179,Chelsea Heights,208031187,5.5,5.1,5.1,5.3,5.5,5.8,6.0,7.0,7.9,8.8,8.8,8.6,8.5,7.9,8.5,9.3,10.4,10.4,10.1,9.2,8.7,9.2,9.1,9.0,8.6,8.1,9.0,9.7,9.6,9.0,8.1,6.7,6.3,6.8,6.8,6.9,6.8,6.8,7.5,8.0,8.7,7.9,7.2,6.3,5.2,4.7
180,Cheltenham - Highett (East),208031188,5.2,4.7,4.7,5.0,5.3,5.9,6.0,6.5,7.2,7.8,7.6,7.7,7.5,6.8,7.0,7.2,7.9,7.8,7.4,6.6,6.1,6.4,6.4,6.5,6.2,6.0,6.6,7.1,7.2,6.9,6.4,5.5,4.8,4.9,4.8,4.9,4.9,5.0,5.7,6.4,7.4,7.3,6.6,5.6,4.4,3.8
181,Edithvale - Aspendale,208031189,5.2,4.8,4.6,4.8,5.1,5.5,5.4,5.8,6.3,6.7,6.5,6.3,5.9,5.5,5.7,5.9,6.6,6.5,6.3,5.5,5.1,5.2,5.0,5.0,4.8,4.3,4.6,4.7,4.8,4.8,4.7,4.3,3.7,3.7,3.6,3.8,4.0,4.5,5.1,5.8,6.5,6.2,5.7,4.8,3.8,3.1
182,Mentone,208031190,4.3,4.1,4.1,4.3,4.7,5.1,5.1,5.7,6.4,6.8,6.7,6.4,6.0,5.6,5.7,6.0,6.5,6.3,6.0,5.3,4.9,5.0,4.9,4.9,4.9,4.8,5.1,5.5,5.6,5.4,5.1,4.4,3.9,4.2,4.2,4.4,4.5,4.7,5.5,6.3,7.2,7.0,6.1,4.9,3.7,2.9
183,Moorabbin - Heatherton,208031191,4.6,4.3,4.0,4.0,4.3,4.8,5.2,6.0,6.7,7.6,7.6,7.6,7.8,7.1,7.4,7.6,8.2,8.2,7.7,6.9,6.5,6.6,6.7,6.9,6.6,6.4,6.8,7.1,7.2,7.0,6.8,5.9,5.4,5.5,5.3,5.4,5.2,5.6,6.2,6.9,8.1,8.0,7.6,6.7,5.6,4.5
184,Mordialloc - Parkdale,208031193,4.4,4.2,4.1,4.2,4.4,4.7,4.6,5.0,5.6,6.1,6.0,5.8,5.7,5.3,5.5,5.7,5.9,5.6,5.3,4.7,4.6,4.8,4.7,4.8,4.7,4.4,4.7,4.8,4.7,4.6,4.5,4.0,3.7,4.1,4.1,4.2,4.3,4.6,5.3,6.0,6.7,6.3,5.6,4.5,3.5,2.8
185,Malvern - Glen Iris,208041194,2.8,2.5,2.5,2.7,2.9,3.0,2.9,3.1,3.4,3.6,3.5,3.4,3.4,3.1,3.2,3.2,3.4,3.3,3.1,2.8,2.5,2.6,2.6,2.6,2.6,2.4,2.5,2.7,2.7,2.5,2.4,2.0,1.8,1.9,1.9,2.0,2.0,2.2,2.9,3.7,4.4,4.5,3.9,3.1,2.4,1.9
186,Malvern East,208041195,2.8,2.5,2.4,2.4,2.6,2.8,2.9,3.2,3.6,3.9,3.8,3.7,3.6,3.4,3.5,3.7,3.9,3.7,3.6,3.2,2.9,3.0,2.9,2.9,2.9,2.8,2.9,3.0,2.9,2.7,2.5,2.3,2.2,2.3,2.4,2.5,2.6,2.7,3.4,4.0,4.7,4.9,4.5,3.8,3.0,2.4
187,Bundoora - East,209011196,4.0,3.8,3.8,3.8,4.2,4.4,4.4,4.5,4.6,4.8,5.0,4.9,4.9,5.2,5.6,6.0,6.0,5.7,5.2,5.3,5.3,5.0,4.5,4.1,4.0,4.5,4.9,5.0,4.8,4.1,3.9,3.8,4.0,4.5,4.4,4.2,3.9,3.6,3.9,4.6,5.5,6.0,6.0,5.4,4.7,4.1
188,Greensborough,209011197,2.6,2.4,2.5,2.7,3.0,3.3,3.3,3.4,3.5,3.5,3.6,3.5,3.6,4.0,4.5,4.8,4.8,4.5,4.1,4.0,3.8,3.4,3.1,3.0,3.2,3.6,3.9,3.8,3.7,3.2,3.1,3.0,3.1,3.2,3.0,2.9,2.8,2.8,3.1,3.7,4.3,4.6,4.5,3.9,3.2,2.6
189,Heidelberg - Rosanna,209011198,2.7,2.5,2.6,2.7,3.1,3.2,3.2,3.3,3.3,3.4,3.5,3.4,3.5,3.8,4.0,4.1,3.9,3.6,3.5,3.5,3.3,3.0,2.6,2.5,2.7,3.2,3.4,3.4,3.2,2.7,2.5,2.4,2.4,2.5,2.4,2.3,2.2,2.3,2.7,3.4,4.1,4.6,4.4,3.7,3.0,2.5
190,Heidelberg West,209011199,10.2,9.4,9.5,9.6,10.8,11.4,11.5,11.8,11.7,12.0,12.1,11.6,11.8,12.8,13.5,14.1,14.0,13.6,13.0,13.1,12.5,11.2,9.8,9.1,9.5,10.8,11.8,12.0,11.5,9.8,9.1,8.4,8.4,8.9,8.3,8.1,7.7,7.7,8.3,9.5,10.7,11.4,11.0,9.5,7.9,6.7
191,Ivanhoe,209011200,2.4,2.3,2.5,2.6,2.8,2.8,2.7,2.6,2.7,2.8,2.8,2.7,2.6,2.9,3.3,3.5,3.5,3.3,3.0,2.9,2.8,2.4,2.1,2.0,2.1,2.4,2.6,2.6,2.3,2.0,1.9,1.7,1.8,1.8,1.6,1.5,1.5,1.5,1.9,2.6,3.2,3.7,3.5,2.9,2.3,1.8
192,Ivanhoe East - Eaglemont,209011201,1.1,1.0,0.9,0.9,1.1,1.2,1.3,1.4,1.5,1.5,1.5,1.4,1.4,1.5,1.8,2.1,2.4,2.5,2.4,2.3,2.0,1.8,1.6,1.4,1.4,1.4,1.6,1.7,1.6,1.4,1.3,1.2,1.1,1.1,0.9,1.0,1.0,1.1,1.6,2.2,2.8,3.2,2.9,2.3,1.7,1.2
193,Montmorency - Briar Hill,209011202,3.1,2.9,3.0,3.1,3.4,3.6,3.6,3.7,3.7,3.6,3.6,3.4,3.4,4.0,4.6,5.1,5.1,4.7,4.2,4.1,3.9,3.7,3.3,3.2,3.4,3.8,4.1,4.1,3.8,3.2,3.1,3.0,3.0,3.2,2.9,2.9,2.8,2.9,3.3,3.8,4.4,4.6,4.4,3.7,3.1,2.6
194,Viewbank - Yallambie,209011203,2.5,2.4,2.5,2.7,3.1,3.3,3.4,3.5,3.4,3.3,3.2,3.1,3.1,3.4,3.7,4.0,4.1,4.1,4.0,4.0,3.8,3.4,2.9,2.7,2.9,3.3,3.6,3.6,3.3,2.8,2.6,2.4,2.5,2.6,2.5,2.5,2.4,2.6,3.1,3.7,4.5,4.8,4.5,3.8,3.1,2.5
195,Watsonia,209011204,3.7,3.5,3.8,3.9,4.4,4.7,4.8,5.0,4.9,4.9,4.9,4.8,4.9,5.4,5.8,6.1,6.2,6.2,6.1,6.2,6.0,5.4,4.8,4.5,4.7,5.2,5.5,5.4,5.0,4.2,3.9,3.6,3.6,4.0,3.8,3.9,4.1,4.2,4.6,5.4,6.1,6.4,6.2,5.2,4.2,3.4
196,Kingsbury,209021205,2.2,2.2,2.3,2.4,2.6,2.7,2.9,3.1,3.2,3.3,3.3,3.2,3.2,3.4,3.6,3.8,3.8,3.6,3.4,3.5,3.4,3.1,2.9,2.7,3.1,3.7,4.2,4.3,4.1,3.4,3.1,2.8,2.7,2.8,2.5,2.5,2.5,2.6,3.1,3.7,4.4,4.9,4.8,4.3,3.6,3.0
197,Reservoir - East,209021207,7.6,7.2,7.5,7.6,8.5,9.0,9.0,9.2,9.0,9.0,9.0,8.7,8.9,9.8,10.5,10.9,10.6,10.0,9.3,9.4,9.2,8.5,7.6,7.1,7.5,8.2,9.1,9.2,8.7,7.5,7.1,6.7,6.8,7.1,6.5,6.3,6.1,6.3,6.9,7.8,8.8,9.4,9.2,8.1,7.0,5.9
198,Reservoir - West,209021208,5.9,5.5,5.7,5.9,6.7,7.3,7.4,7.7,7.7,7.7,7.7,7.3,7.5,8.2,8.7,9.0,8.8,8.3,8.0,8.1,8.0,7.4,6.6,6.0,6.2,6.7,7.2,7.3,7.0,6.1,5.9,5.7,5.9,6.3,5.8,5.5,5.2,5.2,5.7,6.7,7.7,8.5,8.3,7.4,6.3,5.3
201,Eltham,209031209,1.6,1.5,1.5,1.5,1.8,1.9,2.1,2.2,2.2,2.3,2.3,2.2,2.3,2.6,2.8,3.0,3.0,2.8,2.6,2.6,2.4,2.2,1.9,1.9,2.1,2.4,2.5,2.5,2.4,2.1,2.0,1.8,1.8,1.9,1.8,1.8,1.8,1.8,2.2,2.8,3.3,3.7,3.5,2.9,2.5,2.0
202,Hurstbridge,209031210,2.7,2.8,2.9,2.9,3.0,3.0,3.0,3.2,3.3,3.3,3.3,3.2,3.3,4.1,4.6,5.0,5.0,4.6,4.3,4.2,4.0,3.5,3.1,2.9,3.1,3.5,3.8,3.9,3.9,3.5,3.4,3.2,3.1,3.2,2.9,2.8,2.7,2.9,3.4,4.3,5.2,5.4,5.1,4.2,3.3,2.8
203,Kinglake,209031211,4.5,4.0,4.0,4.1,4.6,5.0,5.0,5.1,5.1,5.1,5.3,5.2,5.5,6.1,6.4,6.7,6.6,6.0,5.7,5.6,5.2,4.8,4.2,4.1,4.2,4.5,4.8,4.5,4.3,3.8,3.6,3.4,3.3,3.4,3.1,3.0,3.0,3.4,4.0,5.0,6.0,6.8,6.7,5.9,5.0,4.0
204,Panton Hill - St Andrews,209031212,2.5,2.3,2.5,2.8,2.9,3.2,3.3,3.5,3.6,3.4,3.3,3.1,3.3,4.0,4.3,4.6,4.5,4.1,3.9,3.9,3.8,3.4,3.0,3.0,3.3,3.7,4.0,4.0,3.8,3.3,3.2,3.1,3.4,3.5,3.3,3.1,2.7,2.7,3.0,3.6,4.2,4.4,4.2,3.4,2.8,2.3
205,Plenty - Yarrambat,209031213,1.4,1.5,1.5,1.6,1.7,1.8,1.9,2.0,2.1,2.1,2.1,2.1,2.1,2.4,2.6,2.7,2.7,2.5,2.3,2.2,2.1,1.9,1.7,1.6,1.7,2.0,2.2,2.2,2.0,1.6,1.5,1.5,1.6,1.6,1.4,1.4,1.4,1.4,1.8,2.3,2.9,3.2,2.9,2.3,1.8,1.5
206,Research - North Warrandyte,209031214,1.5,1.3,1.3,1.4,1.5,1.6,1.6,1.6,1.6,1.5,1.5,1.4,1.5,1.9,2.1,2.3,2.4,2.2,2.0,1.8,1.6,1.5,1.3,1.3,1.4,1.5,1.7,1.7,1.7,1.6,1.5,1.5,1.4,1.4,1.3,1.2,1.3,1.4,1.8,2.5,3.1,3.3,3.1,2.5,2.0,1.6
207,Wattle Glen - Diamond Creek,209031215,1.8,1.7,1.8,1.8,1.9,2.1,2.1,2.2,2.3,2.3,2.4,2.4,2.5,2.8,3.1,3.4,3.5,3.4,3.3,3.3,3.2,2.9,2.6,2.5,2.6,2.9,3.0,3.1,2.9,2.4,2.3,2.1,2.1,2.2,2.0,2.0,1.9,1.8,2.2,2.9,3.5,4.0,3.8,3.2,2.5,1.9
208,Bundoora - North,209041216,2.7,2.5,2.6,2.7,3.0,3.1,3.2,3.3,3.5,3.6,3.5,3.4,3.2,3.7,4.2,4.4,4.4,4.3,4.1,4.3,4.2,3.9,3.6,3.4,3.6,3.8,4.0,4.0,3.7,3.3,3.1,3.0,3.0,3.0,3.0,3.1,3.0,3.3,3.7,4.4,5.3,6.0,5.8,5.1,4.2,3.4
209,Bundoora - West,209041217,4.1,3.8,3.6,3.8,4.3,4.7,5.0,5.2,5.2,5.3,5.4,5.3,5.5,6.5,7.3,8.0,8.2,7.7,7.2,7.3,7.0,6.3,5.9,5.6,5.8,6.4,6.8,6.7,6.4,5.5,5.0,4.8,5.0,5.3,4.9,4.6,4.1,4.1,4.7,6.1,7.3,8.2,7.9,6.8,5.7,4.7
210,Lalor,209041219,8.2,7.7,8.1,8.7,10.2,11.2,11.4,11.8,11.8,12.2,12.5,12.3,12.7,13.7,14.6,15.1,14.9,14.5,13.9,13.7,12.9,11.4,10.2,9.7,10.4,11.4,12.2,12.2,11.6,10.2,9.7,9.4,9.5,9.8,9.2,9.0,8.6,8.7,9.1,10.3,11.7,12.6,12.5,11.2,9.4,8.1
211,Mill Park - North,209041220,3.4,3.3,3.5,3.7,4.3,4.7,4.9,5.0,4.9,4.8,4.8,4.7,4.9,5.7,6.4,7.0,7.2,7.1,6.8,6.7,6.4,5.8,5.1,4.8,5.1,5.7,6.2,6.3,6.1,5.4,5.1,4.8,4.7,4.8,4.5,4.4,4.4,4.6,5.2,6.3,7.3,7.9,7.7,6.7,5.6,4.6
212,Mill Park - South,209041221,4.8,4.7,5.1,5.3,5.8,6.3,6.5,6.8,6.9,6.7,6.5,6.1,6.3,7.2,8.0,8.6,8.7,8.5,8.2,8.3,8.0,7.3,6.5,6.1,6.5,7.0,7.4,7.4,7.0,6.1,5.9,5.6,5.8,6.0,5.7,5.6,5.5,5.7,6.1,7.1,8.0,8.5,8.4,7.4,6.3,5.4
213,Thomastown,209041223,8.5,8.0,8.4,8.9,10.4,11.3,11.6,12.0,11.8,12.0,12.0,11.5,11.9,12.9,13.9,14.6,14.5,14.0,13.2,13.2,12.8,11.7,10.6,10.3,11.0,12.1,13.1,13.1,12.3,10.6,10.0,9.3,9.4,10.1,9.7,9.6,9.4,9.3,9.5,10.5,11.7,12.4,12.3,10.9,9.3,8.0
214,Wallan,209041224,4.2,3.8,4.0,4.0,4.5,4.8,4.8,5.2,5.3,5.3,5.4,5.1,5.1,5.8,6.6,7.2,7.6,7.4,7.3,7.4,7.2,6.6,5.7,5.3,5.6,6.3,6.8,6.8,6.4,5.4,5.1,4.7,4.7,4.6,4.2,4.2,4.2,4.7,5.1,6.2,7.3,8.1,8.1,7.1,6.1,5.1
215,Whittlesea,209041225,3.3,3.0,3.3,3.5,3.8,4.0,3.8,3.8,3.8,3.8,3.9,3.8,3.9,4.4,5.0,5.6,5.7,5.7,5.3,5.2,5.1,4.5,4.1,4.1,4.5,5.2,5.9,5.9,5.8,5.2,4.7,4.4,4.2,4.3,4.0,4.0,3.8,3.9,4.3,5.2,6.5,7.2,7.2,6.5,5.5,4.8
224,Airport West,210011226,4.8,4.5,4.2,4.2,4.3,4.5,4.3,3.7,3.3,3.0,3.3,4.1,4.5,4.8,4.8,4.5,4.3,4.0,4.0,4.0,4.0,4.2,4.3,4.5,4.8,5.0,5.1,5.2,5.0,4.7,4.3,3.8,3.6,3.5,3.8,3.8,4.0,4.1,5.0,6.0,6.9,7.4,6.3,5.4,4.6,4.0
225,Keilor,210011228,3.3,3.0,2.7,2.6,2.6,2.7,2.7,2.4,2.3,2.2,2.6,3.1,3.5,4.0,4.1,4.3,4.1,3.7,3.7,3.7,3.6,3.7,3.5,3.4,3.3,3.4,3.3,3.5,3.4,3.2,3.0,2.8,2.8,2.8,2.9,3.0,3.0,3.0,3.8,4.7,5.4,5.8,4.9,4.0,3.3,2.9
226,Keilor East,210011229,4.3,4.1,3.7,3.4,3.4,3.6,3.5,3.2,2.9,2.6,2.8,3.2,3.6,4.0,4.2,4.3,4.2,3.9,3.9,3.8,3.8,4.0,4.0,3.9,4.0,4.0,4.1,4.2,4.2,4.0,3.7,3.4,3.2,3.0,3.2,3.2,3.4,3.5,4.4,5.4,6.3,7.0,6.0,5.0,4.2,3.5
227,Niddrie - Essendon West,210011230,3.3,3.2,2.9,2.7,2.7,2.5,2.3,2.0,1.8,1.9,2.2,2.6,2.8,3.2,3.2,3.2,3.1,2.7,2.7,2.7,2.8,2.9,2.8,2.7,2.5,2.4,2.4,2.5,2.5,2.3,2.1,1.9,1.8,1.8,2.0,2.2,2.4,2.3,3.0,3.8,4.5,5.2,4.5,3.7,3.0,2.4
228,Strathmore,210011231,2.5,2.3,2.0,1.9,1.8,1.8,1.8,1.7,1.6,1.6,1.8,2.1,2.3,2.5,2.5,2.5,2.3,2.1,2.1,2.1,2.1,2.1,2.0,1.9,2.0,2.0,2.0,2.0,1.9,1.8,1.7,1.7,1.7,1.6,1.7,1.7,1.7,1.7,2.3,3.1,3.7,4.1,3.5,2.7,2.2,1.7
229,Gisborne,210021232,2.8,2.7,2.4,2.2,2.1,2.4,2.5,2.3,2.2,2.1,2.2,2.7,3.0,3.4,3.5,3.5,3.3,2.8,2.7,2.6,2.5,2.6,2.5,2.4,2.5,2.4,2.4,2.5,2.4,2.3,2.1,1.8,1.7,1.6,1.6,1.6,1.7,1.9,2.5,3.3,3.9,4.2,3.5,2.8,2.2,1.8
230,Macedon,210021233,2.4,2.4,2.1,1.9,1.9,1.9,1.8,1.6,1.5,1.6,1.8,2.3,2.5,2.9,3.0,2.8,2.7,2.1,2.1,1.9,1.8,1.9,1.8,1.8,1.8,1.7,1.6,1.5,1.3,1.2,1.0,0.9,0.8,0.9,1.2,1.3,1.6,1.7,2.2,2.8,3.1,3.5,2.9,2.3,1.9,1.4
231,Riddells Creek,210021234,3.3,3.1,2.7,2.5,2.6,2.7,2.6,2.3,2.0,1.8,1.9,2.2,2.4,2.7,2.8,2.9,2.8,2.6,2.5,2.4,2.4,2.4,2.3,2.3,2.2,2.4,2.4,2.7,2.7,2.6,2.4,2.1,2.1,2.1,2.2,2.2,2.4,2.5,3.1,3.8,4.4,4.7,4.1,3.6,3.1,2.6
232,Romsey,210021235,4.7,4.5,4.0,3.8,3.8,4.0,3.9,3.6,3.2,2.8,3.0,3.6,4.0,4.6,4.7,4.8,4.7,4.2,4.3,4.2,4.0,4.0,3.7,3.5,3.5,3.6,3.7,3.9,3.9,3.9,3.5,3.1,3.0,3.1,3.3,3.5,3.7,3.6,4.3,4.9,5.3,5.7,4.9,4.3,3.7,3.2
233,Coburg North,210031236,6.9,6.6,6.1,5.9,6.0,6.2,6.0,5.3,4.8,4.6,5.0,5.7,6.3,6.8,7.0,7.2,7.1,6.9,7.0,6.8,6.6,6.7,6.4,6.4,6.4,6.4,6.4,6.4,6.1,5.8,5.3,4.8,4.6,4.3,4.5,4.7,4.9,5.0,5.8,6.9,7.8,8.6,7.5,6.4,5.5,4.6
234,Fawkner,210031237,9.8,9.4,8.5,8.0,7.9,8.0,7.7,7.0,6.5,6.2,6.9,7.9,8.4,8.9,8.9,8.8,8.3,7.7,7.5,7.3,7.3,7.7,7.9,8.3,8.9,9.1,9.1,9.2,8.8,8.2,7.4,6.7,6.3,6.2,6.6,6.6,6.9,7.0,8.3,9.9,11.2,12.2,10.7,9.2,8.1,7.2
235,Pascoe Vale,210031239,4.6,4.4,3.9,3.8,3.9,4.1,4.0,3.6,3.3,3.1,3.4,4.0,4.2,4.4,4.3,4.1,3.9,3.7,3.7,3.7,3.7,4.0,4.0,3.9,4.0,4.0,4.0,4.1,4.0,3.8,3.4,3.1,3.0,2.8,2.8,2.8,2.8,2.9,3.8,4.8,5.6,6.1,5.3,4.5,3.8,3.2
239,Sunbury,210041240,4.4,4.4,4.1,4.1,4.2,4.4,4.2,3.7,3.3,3.0,3.2,3.9,4.4,4.8,4.9,5.0,4.8,4.4,4.5,4.4,4.4,4.6,4.6,4.6,4.8,5.0,5.0,5.2,4.9,4.5,4.1,3.5,3.3,3.2,3.5,3.7,4.0,4.2,5.0,5.9,6.7,7.3,6.5,5.6,4.9,4.2
240,Sunbury - South,210041241,4.7,4.6,4.3,4.2,4.2,4.4,4.3,3.8,3.4,3.1,3.3,4.1,4.6,5.1,5.2,5.2,5.1,4.8,5.0,5.1,5.2,5.4,5.3,5.2,5.4,5.5,5.4,5.6,5.4,5.2,4.7,4.3,4.1,4.0,4.3,4.4,4.6,4.8,5.6,6.7,7.5,8.1,7.1,6.1,5.3,4.6
241,Broadmeadows,210051242,26.1,25.5,23.1,21.7,22.1,23.4,23.2,21.1,19.4,17.7,18.9,21.7,23.6,25.5,25.5,25.5,24.2,22.1,21.4,20.7,20.3,21.3,21.8,21.9,23.1,24.0,24.5,25.5,24.7,23.4,21.6,20.2,19.7,19.3,20.1,20.0,20.4,20.5,21.3,23.1,24.3,25.0,22.8,20.4,19.0,17.7
242,Campbellfield - Coolaroo,210051243,27.7,26.7,24.5,22.9,22.3,22.5,21.5,19.1,17.3,15.5,16.3,18.8,20.7,22.5,22.9,23.0,21.9,20.6,20.0,19.7,19.7,20.4,20.8,21.3,22.3,22.7,22.9,22.9,21.9,20.8,19.1,17.6,16.7,15.8,16.2,16.0,16.5,17.1,18.7,21.6,23.5,25.1,23.2,21.2,19.9,18.4
243,Gladstone Park - Westmeadows,210051245,6.2,5.9,5.2,4.9,4.8,5.1,5.0,4.5,4.2,4.0,4.5,5.4,6.0,6.6,6.8,6.8,6.7,6.3,6.3,6.2,6.2,6.4,6.5,6.7,7.0,7.2,7.4,7.6,7.5,7.2,6.6,6.0,5.8,5.8,6.0,6.1,6.2,6.4,7.5,8.9,10.0,10.7,9.4,8.1,7.0,6.2
245,Meadow Heights,210051247,23.1,22.6,20.7,19.5,19.0,19.3,18.9,17.0,15.9,15.0,16.1,18.8,20.8,22.9,23.7,23.9,23.0,21.4,20.7,20.2,19.7,20.5,21.1,21.9,23.9,24.9,25.5,25.9,24.6,23.0,20.9,19.2,18.6,18.4,19.4,19.6,20.3,20.5,21.8,24.3,26.1,27.2,24.5,21.5,19.3,17.4
246,Melbourne Airport,210051248,1.0,1.0,1.0,1.0,1.0,0.9,0.9,0.9,0.9,0.9,1.7,2.5,3.3,4.8,4.7,4.6,3.8,2.3,2.2,2.2,2.2,2.9,2.1,2.1,2.7,2.7,3.9,3.9,5.2,4.6,3.9,2.6,1.3,0.7,0.6,0.7,1.3,1.9,2.6,4.6,6.0,6.7,5.9,4.6,3.9,3.9
247,Roxburgh Park - Somerton,210051249,13.7,13.0,11.9,11.3,11.4,12.0,11.6,10.5,9.6,8.8,9.7,11.4,12.6,14.0,14.5,15.1,14.8,14.0,13.6,13.0,12.7,13.0,13.2,13.5,14.6,15.6,16.1,16.8,16.3,15.7,14.6,13.5,13.0,12.1,12.6,12.6,13.0,13.9,15.2,17.5,19.1,20.1,18.2,16.1,14.5,13.2
248,Tullamarine,210051250,6.3,6.2,5.6,5.1,5.0,5.1,4.9,4.4,4.1,4.0,4.6,5.5,6.1,6.8,7.0,7.0,6.7,6.2,6.2,6.4,6.8,7.5,7.7,7.6,7.9,7.8,7.9,8.2,8.0,7.7,7.1,6.9,7.1,7.4,8.0,7.9,8.0,8.2,9.2,10.6,11.6,12.2,10.8,9.4,8.3,7.2
254,Bayswater,211011251,5.7,5.5,5.5,5.4,5.2,5.3,5.5,5.7,5.6,5.8,5.8,5.7,6.4,6.8,7.0,7.3,7.7,7.4,7.2,7.1,6.5,6.3,6.4,6.4,6.3,6.4,6.3,5.9,5.6,5.4,5.6,5.9,5.8,5.5,4.8,4.5,4.4,4.8,5.7,6.7,7.8,8.0,7.2,6.4,5.7,5.2
255,Knoxfield - Scoresby,211011254,4.3,4.3,4.5,4.6,4.5,4.4,4.4,4.4,4.3,4.3,4.3,4.3,4.9,5.4,5.5,5.7,5.6,5.0,4.7,4.6,4.3,4.1,4.2,4.0,3.9,3.9,3.8,3.7,3.7,3.7,3.7,3.7,3.5,3.3,2.9,2.6,2.5,2.5,3.1,4.0,4.9,5.4,4.9,4.3,3.8,3.4
256,Lysterfield,211011255,2.0,2.1,2.1,2.1,2.1,2.0,2.0,2.1,2.0,2.0,2.0,2.0,2.3,2.4,2.4,2.4,2.3,2.2,2.1,2.1,1.9,1.8,1.8,1.8,1.8,1.9,1.9,1.9,1.9,1.8,1.7,1.8,1.8,1.8,1.6,1.4,1.2,1.1,1.7,2.4,3.0,3.3,2.7,2.2,1.7,1.4
257,Rowville - Central,211011256,3.1,3.0,3.0,3.1,3.1,3.3,3.3,3.4,3.4,3.5,3.7,3.7,4.3,4.8,5.1,5.5,5.6,5.1,4.7,4.2,3.8,3.7,3.8,3.6,3.5,3.5,3.3,3.1,3.0,2.9,2.8,3.0,3.0,2.9,2.6,2.3,2.2,2.4,3.1,3.9,4.8,5.2,4.8,4.3,3.7,3.2
258,Rowville - North,211011257,2.7,2.7,3.0,3.0,3.1,3.2,3.3,3.3,3.2,3.2,3.1,3.2,3.7,3.9,4.0,4.0,3.8,3.5,3.5,3.3,3.1,3.0,3.1,3.0,3.1,3.2,3.0,2.9,2.8,2.6,2.7,2.8,2.8,2.7,2.5,2.2,2.1,2.1,2.7,3.4,4.1,4.5,4.0,3.5,3.1,2.7
259,Rowville - South,211011258,2.7,2.5,2.5,2.4,2.4,2.3,2.3,2.4,2.4,2.5,2.5,2.5,2.9,3.2,3.4,3.5,3.6,3.5,3.6,3.6,3.5,3.3,3.2,3.1,2.9,2.9,2.6,2.4,2.2,2.0,2.0,2.1,2.1,2.2,2.0,1.9,1.7,1.7,2.4,3.2,4.0,4.4,3.9,3.2,2.6,2.1
260,Wantirna,211011259,3.6,3.3,3.2,3.2,3.1,3.2,3.4,3.5,3.4,3.5,3.6,3.6,4.2,4.7,5.0,5.2,5.1,4.6,4.4,4.2,3.9,3.7,3.8,3.7,3.7,3.7,3.7,3.6,3.5,3.4,3.3,3.3,3.3,3.2,2.9,2.7,2.6,2.8,3.5,4.3,5.2,5.7,5.1,4.4,3.8,3.3
261,Wantirna South,211011260,3.4,3.3,3.3,3.4,3.3,3.3,3.3,3.3,3.2,3.2,3.3,3.3,3.7,4.1,4.2,4.5,4.6,4.3,4.2,4.1,4.0,3.9,3.9,3.8,3.6,3.6,3.5,3.3,3.3,3.3,3.3,3.3,3.2,3.0,2.6,2.4,2.3,2.3,3.0,3.8,4.7,5.0,4.5,4.0,3.5,3.0
266,Donvale - Park Orchards,211021261,1.9,1.8,1.8,1.8,1.8,1.9,2.2,2.3,2.3,2.4,2.3,2.3,2.6,2.8,2.9,3.0,3.0,2.8,2.7,2.6,2.3,2.3,2.2,2.1,2.1,2.1,2.0,1.9,1.8,1.7,1.8,1.9,1.9,1.9,1.7,1.5,1.4,1.5,2.1,2.8,3.5,3.9,3.4,2.8,2.2,1.9
267,Warrandyte - Wonga Park,211021262,1.8,1.8,1.8,1.7,1.7,1.6,1.6,1.7,1.6,1.6,1.6,1.6,1.8,2.0,2.1,2.2,2.1,1.9,1.8,1.8,1.8,1.8,1.8,1.6,1.5,1.4,1.4,1.4,1.4,1.4,1.4,1.5,1.5,1.4,1.2,1.1,1.0,1.1,1.7,2.4,3.1,3.3,2.8,2.2,1.7,1.5
268,Bayswater North,211031263,4.5,4.4,4.5,4.6,4.6,4.6,4.7,4.7,4.6,4.8,4.9,5.0,5.7,6.1,6.4,6.4,6.4,5.9,5.6,5.6,5.4,5.3,5.4,5.3,5.1,5.1,4.9,4.7,4.4,4.2,4.2,4.3,4.4,4.4,4.0,3.8,3.7,3.8,4.4,5.2,6.1,6.4,5.8,5.2,4.7,4.3
269,Croydon Hills - Warranwood,211031265,2.2,2.1,2.1,2.2,2.2,2.2,2.3,2.4,2.3,2.4,2.5,2.6,3.0,3.2,3.3,3.3,3.2,2.9,2.8,2.8,2.8,2.6,2.7,2.7,2.7,2.7,2.7,2.5,2.3,2.1,2.1,2.1,2.2,2.1,2.0,1.8,1.7,1.7,2.3,2.9,3.7,4.1,3.6,3.0,2.5,2.0
270,Ringwood,211031266,6.5,6.3,6.4,6.4,6.1,6.1,6.3,6.4,6.5,6.9,7.1,7.3,8.2,9.1,9.3,9.5,9.3,8.1,7.6,7.4,7.0,6.9,7.0,6.6,6.5,6.7,6.6,6.5,6.2,6.1,5.9,6.0,5.9,5.8,5.5,5.2,5.1,5.4,6.2,7.2,8.2,8.2,7.3,6.5,5.6,5.0
271,Ringwood East,211031267,4.7,4.5,4.5,4.4,4.3,4.4,4.7,4.9,4.9,5.0,5.0,5.1,5.8,6.4,6.7,6.8,6.6,6.0,5.8,5.8,5.6,5.6,5.6,5.4,5.3,5.3,5.2,4.9,4.6,4.3,4.1,4.2,4.2,4.3,4.2,4.0,4.0,4.0,4.5,5.1,5.8,5.8,5.3,4.7,4.1,3.6
272,Ringwood North,211031268,2.5,2.4,2.3,2.2,2.1,1.9,1.9,1.9,2.0,2.1,2.1,2.0,2.4,2.6,2.8,2.9,2.8,2.5,2.5,2.7,2.7,2.7,2.8,2.6,2.4,2.3,2.1,2.0,1.8,1.8,1.9,1.9,1.8,1.7,1.6,1.5,1.5,1.6,2.3,3.1,3.9,4.3,3.8,3.2,2.7,2.4
276,Forest Hill,211041269,3.9,3.6,3.5,3.4,3.5,3.6,3.8,4.0,3.9,3.9,4.0,3.9,4.4,4.9,5.1,5.4,5.4,5.2,4.9,4.9,4.7,4.5,4.3,4.0,3.8,3.8,3.7,3.6,3.4,3.3,3.3,3.5,3.6,3.6,3.3,3.0,2.9,3.2,3.9,4.7,5.5,5.7,5.1,4.6,4.0,3.6
277,Mitcham (Vic.),211041270,3.5,3.3,3.3,3.3,3.2,3.2,3.3,3.3,3.2,3.3,3.3,3.3,3.7,4.1,4.3,4.3,4.3,3.8,3.6,3.6,3.4,3.4,3.4,3.3,3.2,3.2,3.1,2.9,2.8,2.7,2.8,3.0,3.0,2.9,2.6,2.2,2.1,2.1,2.7,3.5,4.2,4.6,4.2,3.7,3.2,2.7
278,Nunawading,211041271,3.7,3.5,3.5,3.6,3.5,3.6,3.6,3.7,3.5,3.6,3.7,3.7,4.2,4.7,4.9,5.0,4.8,4.4,4.3,4.3,4.2,4.0,3.9,3.7,3.5,3.5,3.4,3.2,3.0,2.9,2.9,3.0,3.0,3.0,2.8,2.5,2.4,2.4,3.1,3.9,4.7,5.1,4.5,3.8,3.2,2.6
279,Vermont,211041272,2.9,2.9,2.9,2.9,2.9,3.0,3.0,3.1,3.1,3.2,3.2,3.0,3.2,3.5,3.7,3.9,4.0,3.8,3.6,3.5,3.3,3.2,3.3,3.1,2.9,2.8,2.7,2.6,2.5,2.5,2.5,2.6,2.6,2.5,2.1,1.9,1.8,1.8,2.4,3.1,3.8,4.2,3.9,3.4,3.0,2.6
280,Vermont South,211041273,2.0,2.1,2.0,2.1,2.1,2.1,2.3,2.3,2.2,2.2,2.3,2.2,2.5,2.7,2.8,3.0,3.1,3.0,2.9,2.8,2.6,2.5,2.6,2.5,2.4,2.3,2.1,2.0,1.9,2.0,2.1,2.2,2.2,2.0,1.8,1.7,1.6,1.7,2.4,3.2,4.0,4.4,4.0,3.5,3.0,2.6
281,Belgrave - Selby,211051274,4.6,4.4,4.5,4.3,4.2,4.2,4.2,4.3,4.2,4.2,4.3,4.4,5.1,5.8,6.2,6.5,6.6,6.2,6.1,5.8,5.3,5.0,4.9,4.7,4.6,4.6,4.4,4.2,4.1,3.9,3.9,3.9,3.9,3.8,3.2,2.9,2.8,3.0,4.0,5.1,6.2,6.5,5.7,4.8,4.0,3.6
282,Chirnside Park,211051275,3.6,3.6,3.6,3.7,3.6,3.6,3.7,3.8,3.7,3.7,3.7,3.7,4.2,4.4,4.4,4.4,4.3,4.2,4.2,4.2,4.0,3.8,3.7,3.5,3.4,3.7,3.7,3.7,3.6,3.2,3.3,3.5,3.5,3.5,3.2,2.8,2.7,2.8,3.6,4.6,5.6,5.9,5.1,4.3,3.5,3.1
283,Healesville - Yarra Glen,211051276,5.0,4.8,4.8,4.9,4.9,4.8,5.0,5.0,5.0,5.2,5.2,5.1,5.7,6.3,6.5,6.9,7.0,6.6,6.5,6.4,5.9,5.7,5.5,5.2,4.9,5.0,4.9,4.8,4.7,4.6,4.7,4.8,4.8,4.7,4.2,3.8,3.5,3.5,4.5,5.7,6.9,7.3,6.6,5.8,4.9,4.3
284,Kilsyth,211051277,4.2,4.2,4.3,4.5,4.5,4.5,4.6,4.8,4.7,5.1,5.2,5.2,5.9,6.5,7.0,7.4,7.4,6.8,6.4,6.2,5.8,5.4,5.5,5.4,5.4,5.7,5.7,5.5,5.2,4.9,4.9,4.9,5.0,4.9,4.4,4.1,3.9,4.3,5.1,6.0,7.2,7.3,6.7,6.0,5.2,4.6
285,Lilydale - Coldstream,211051278,4.2,4.1,4.0,3.9,3.8,3.8,3.8,3.9,3.8,4.0,4.1,4.3,4.8,5.1,5.5,5.7,5.8,5.7,5.6,5.5,5.3,5.2,5.2,5.0,4.8,4.7,4.7,4.6,4.4,4.5,4.6,4.6,4.5,4.2,3.7,3.5,3.5,3.8,4.7,5.4,6.2,6.3,5.6,4.9,4.2,3.8
286,Monbulk - Silvan,211051279,3.3,3.1,3.1,3.1,3.2,3.3,3.4,3.5,3.4,3.7,3.9,4.2,4.8,5.2,5.5,5.7,5.7,5.3,4.9,4.6,4.1,3.9,3.8,3.7,3.6,3.6,3.7,3.6,3.4,3.5,3.5,3.5,3.4,3.1,2.7,2.4,2.3,2.5,3.3,4.1,5.0,5.2,4.6,3.9,3.4,3.0
287,Montrose,211051280,3.5,3.1,2.9,2.8,2.6,2.7,2.9,3.0,3.0,3.1,3.1,3.0,3.4,3.4,3.5,3.7,3.7,3.7,3.8,3.9,3.8,3.6,3.7,3.7,3.8,4.0,3.7,3.5,3.4,3.4,3.5,3.7,3.7,3.4,3.0,2.6,2.5,2.6,3.3,3.9,4.7,4.8,4.3,3.8,3.2,2.8
288,Mooroolbark,211051281,4.6,4.4,4.3,4.2,4.0,4.1,4.3,4.6,4.6,4.7,4.8,4.9,5.6,6.1,6.3,6.4,6.3,5.9,5.7,5.7,5.4,5.2,5.3,5.1,5.0,5.0,4.8,4.5,4.4,4.3,4.5,4.7,4.8,4.7,4.4,4.2,4.1,4.3,4.8,5.5,6.3,6.3,5.6,4.8,4.1,3.6
289,Mount Dandenong - Olinda,211051282,3.3,3.2,3.1,2.9,2.8,2.8,2.9,3.0,3.0,3.2,3.3,3.3,3.7,4.0,4.1,4.2,4.2,4.0,4.0,4.1,4.1,4.1,4.1,4.0,3.9,3.7,3.5,3.3,3.3,3.2,3.3,3.3,3.2,3.0,2.6,2.3,2.1,2.1,2.8,3.7,4.6,5.0,4.4,3.7,3.0,2.5
290,Mount Evelyn,211051283,3.7,3.6,3.6,3.7,3.6,3.7,3.8,3.9,3.8,3.9,3.9,4.0,4.5,4.9,5.1,5.2,5.1,4.5,4.4,4.3,3.9,3.8,3.7,3.5,3.4,3.4,3.3,3.1,3.0,2.9,2.9,3.2,3.2,3.2,3.0,2.8,2.7,2.7,3.3,3.9,4.7,5.0,4.5,4.0,3.4,3.0
291,Upwey - Tecoma,211051284,4.0,3.9,3.9,3.9,3.9,4.0,4.2,4.3,4.3,4.4,4.4,4.4,5.0,5.2,5.3,5.6,5.4,5.2,5.0,4.8,4.6,4.4,4.6,4.4,4.1,4.1,4.0,4.0,3.8,3.7,3.6,3.5,3.4,3.2,2.9,2.7,2.7,2.8,3.6,4.6,5.7,6.3,5.7,5.1,4.3,3.6
292,Wandin - Seville,211051285,2.0,2.0,2.2,2.4,2.5,2.5,2.6,2.6,2.7,3.0,2.9,2.9,3.2,3.2,3.5,3.7,4.0,4.1,4.1,4.0,3.6,3.3,3.2,3.1,3.0,3.1,3.0,3.1,3.1,3.1,3.2,3.2,3.0,2.9,2.5,2.3,2.3,2.4,2.9,3.6,4.4,4.5,4.0,3.4,2.8,2.5
293,Yarra Valley,211051286,6.8,6.5,6.6,6.6,6.5,6.5,6.7,6.8,6.7,7.1,7.1,7.2,8.1,8.7,9.3,9.7,9.7,9.2,8.7,8.7,8.3,8.1,8.1,7.8,7.7,7.7,7.6,7.3,7.1,7.1,7.4,7.8,7.9,7.4,6.5,5.7,5.3,5.3,6.1,7.3,8.7,9.1,8.4,7.5,6.6,6.0
294,Beaconsfield - Officer,212011287,2.8,3.0,2.8,2.7,2.8,2.6,2.7,2.8,2.9,2.9,3.1,3.2,3.2,3.3,3.1,3.0,3.0,3.0,3.0,3.0,3.2,3.4,3.7,3.9,3.8,3.9,3.7,3.7,3.9,3.9,4.0,3.6,3.4,3.1,3.2,3.6,3.9,4.3,4.8,5.0,5.3,5.4,4.8,4.7,4.5,4.6
295,Bunyip - Garfield,212011288,4.0,3.8,3.3,3.3,3.3,3.4,3.6,3.8,3.9,4.0,4.5,4.7,4.8,4.9,4.6,4.7,4.8,4.6,4.7,4.5,4.6,4.9,5.2,5.3,5.0,5.0,4.7,4.7,4.7,4.4,4.3,3.8,3.6,3.4,3.4,4.0,4.2,4.4,5.0,5.0,5.3,5.2,4.6,4.3,4.1,4.1
296,Emerald - Cockatoo,212011289,4.3,4.2,3.8,3.7,3.6,3.5,3.6,3.7,3.8,3.7,3.8,3.8,3.8,4.0,3.9,4.1,4.3,4.4,4.6,4.5,4.5,4.5,4.5,4.5,4.2,4.2,3.9,4.0,4.1,4.0,4.1,3.6,3.3,3.0,2.8,3.1,3.3,3.4,3.9,4.1,4.4,4.5,3.9,3.5,3.2,3.1
297,Koo Wee Rup,212011290,5.6,5.3,4.7,4.4,4.1,4.0,4.3,4.6,4.9,5.0,5.4,5.3,5.2,5.2,4.8,5.0,5.4,5.6,6.3,6.3,6.3,6.5,6.2,6.0,5.7,5.5,5.4,5.5,5.7,5.7,5.9,5.3,4.9,4.4,4.2,4.8,5.1,5.3,5.9,5.9,6.1,6.2,5.5,5.2,5.1,5.3
298,Pakenham - North,212011291,6.9,6.8,6.1,6.2,6.3,6.3,6.8,6.8,7.0,7.2,7.6,7.9,7.9,8.1,7.8,8.1,8.2,8.6,9.1,9.2,9.6,9.7,9.7,9.5,8.8,8.7,8.2,8.4,8.7,8.8,8.9,8.0,7.4,6.6,6.4,7.1,7.5,8.0,8.7,8.6,8.7,8.6,7.7,7.5,7.5,7.6
299,Pakenham - South,212011292,7.3,7.2,6.6,6.7,6.5,6.5,6.9,7.0,7.3,7.3,7.7,7.9,7.8,8.0,7.8,8.2,8.5,8.8,9.3,9.0,9.2,9.4,9.5,9.4,8.9,8.9,8.5,8.7,9.0,8.8,8.8,7.9,7.3,6.9,6.9,7.9,8.6,9.2,9.7,9.5,9.6,9.3,8.4,8.2,7.9,7.9
300,Berwick - North,212021293,2.9,2.9,2.7,2.9,3.0,3.0,3.2,3.2,3.4,3.4,3.7,3.8,3.7,3.7,3.6,3.8,3.9,4.0,4.2,4.0,4.1,4.1,4.2,4.2,3.9,3.7,3.5,3.6,3.8,4.0,4.0,3.6,3.4,3.1,3.1,3.4,3.7,4.0,4.5,4.8,5.0,5.1,4.5,4.2,4.1,4.1
301,Berwick - South,212021294,3.5,3.5,3.2,3.3,3.3,3.3,3.6,3.6,3.7,3.7,3.9,4.1,4.1,4.1,4.0,4.1,4.3,4.5,4.7,4.6,4.7,4.6,4.6,4.4,4.1,4.1,3.9,4.1,4.2,4.2,4.2,3.8,3.6,3.2,3.1,3.6,3.8,4.2,5.1,5.4,5.9,6.1,5.3,5.0,4.7,4.6
302,Doveton,212021295,20.4,19.6,17.6,17.5,17.3,17.3,18.2,18.5,18.7,18.4,19.1,19.5,19.5,19.8,19.2,20.1,20.7,21.2,21.9,20.8,20.8,20.2,20.4,19.8,18.6,18.4,17.2,17.7,18.4,18.4,18.2,16.2,14.7,13.3,13.0,14.7,15.8,16.9,18.0,17.4,17.1,16.8,15.0,14.9,14.4,13.8
303,Hallam,212021297,9.4,9.2,8.4,8.4,8.6,8.7,9.1,9.3,9.2,9.0,9.5,9.8,9.8,10.2,9.9,10.3,10.5,10.8,11.3,11.1,11.7,12.0,12.4,12.5,11.7,11.2,10.2,10.1,10.2,10.1,10.2,9.2,8.8,8.4,8.3,9.4,10.4,11.0,12.1,12.1,11.9,11.7,10.4,10.1,9.9,9.8
304,Narre Warren North,212021299,2.1,2.0,1.7,1.6,1.6,1.6,1.8,1.9,1.9,1.9,1.9,2.0,2.0,2.0,1.9,1.9,2.0,2.2,2.3,2.3,2.4,2.5,2.6,2.4,2.2,2.0,1.8,1.8,1.9,2.0,2.1,2.1,2.0,1.7,1.8,2.1,2.2,2.3,2.8,3.0,3.4,3.6,3.1,2.8,2.6,2.4
309,Cranbourne,212031300,10.1,10.1,9.1,8.9,8.7,8.8,9.6,10.0,10.4,10.5,10.9,11.1,10.9,11.1,10.9,11.3,11.7,11.9,12.5,12.4,12.7,13.0,13.3,13.3,12.7,12.6,11.7,11.6,11.8,11.7,11.8,10.8,10.2,9.7,9.8,11.3,12.4,13.2,13.7,13.2,12.8,12.2,11.1,10.9,10.9,11.0
310,Cranbourne East,212031301,3.9,3.8,3.5,3.6,3.7,3.8,4.1,4.2,4.4,4.4,4.6,4.8,4.9,4.9,4.8,5.0,5.2,5.3,5.4,5.2,5.4,5.5,5.6,5.5,5.0,4.7,4.4,4.5,4.6,4.6,4.5,4.0,3.8,3.5,3.6,4.2,4.6,5.1,6.0,6.3,6.6,6.9,6.1,5.9,5.7,5.4
311,Cranbourne North,212031302,6.7,6.6,6.0,6.3,6.5,6.8,7.2,7.1,7.3,7.1,7.3,7.3,7.0,6.9,6.7,7.2,7.8,8.5,9.1,9.0,9.2,9.1,9.1,9.0,8.5,8.3,7.7,7.7,7.7,7.6,7.4,6.6,6.0,5.4,5.2,5.9,6.3,6.9,7.7,7.8,8.0,7.8,7.0,6.8,6.7,6.6
312,Cranbourne South,212031303,3.3,3.4,3.2,3.2,3.2,3.3,3.4,3.3,3.3,3.1,3.4,3.6,3.6,3.5,3.2,3.1,3.0,3.2,3.4,3.4,3.5,3.6,3.9,3.9,3.6,3.5,3.2,3.3,3.4,3.4,3.5,3.2,3.2,2.9,2.8,3.2,3.4,3.5,4.2,4.6,5.1,5.4,4.8,4.5,4.1,4.0
313,Cranbourne West,212031304,9.8,9.4,8.2,7.9,7.8,7.7,8.1,8.3,8.4,8.2,8.4,8.4,8.2,8.3,8.2,8.9,9.5,9.9,10.4,10.0,10.0,9.8,9.8,9.4,8.7,8.4,7.5,7.3,7.2,6.9,6.8,6.0,5.5,5.1,5.1,6.1,6.8,7.3,7.9,7.8,7.8,7.7,7.0,6.7,6.4,6.4
314,Hampton Park - Lynbrook,212031305,9.6,9.3,8.4,8.3,8.3,8.2,8.6,8.6,8.7,8.8,9.5,9.9,10.1,10.3,10.1,10.5,10.9,11.3,11.7,11.5,11.9,11.8,12.0,11.7,10.8,10.7,10.2,10.2,10.3,10.1,9.9,9.1,8.8,8.4,8.5,9.6,10.2,10.9,11.7,11.5,11.5,11.1,10.0,9.8,9.6,9.5
315,Lynbrook - Lyndhurst,212031306,4.0,3.7,3.2,3.1,3.2,3.2,3.4,3.5,3.4,3.4,3.6,3.7,3.8,4.0,3.9,4.0,4.2,4.2,4.4,4.3,4.5,4.5,4.6,4.5,4.2,4.2,4.0,4.1,4.2,4.1,4.0,3.6,3.3,3.1,3.2,3.6,4.0,4.1,4.7,4.9,5.1,5.3,4.7,4.5,4.3,4.2
316,Pearcedale - Tooradin,212031308,5.2,5.1,4.6,4.4,4.2,4.0,4.3,4.4,4.4,4.6,4.8,4.9,4.8,4.8,4.5,4.5,4.6,4.7,4.9,4.9,5.2,5.3,5.4,5.5,5.0,5.0,4.9,5.0,5.3,5.1,5.0,4.5,4.1,3.9,3.8,4.1,4.3,4.5,5.0,5.4,5.9,6.0,5.4,5.0,4.6,4.4
319,Clarinda - Oakleigh South,212041309,6.1,5.9,5.2,5.1,4.8,4.5,4.8,4.8,4.8,4.8,4.9,5.0,4.8,5.0,4.9,5.1,5.3,5.3,5.3,5.1,5.4,5.5,5.7,5.7,5.2,5.2,5.0,5.0,5.1,4.8,4.6,4.1,3.8,3.7,3.6,4.2,4.5,4.7,5.5,5.8,6.0,6.2,5.4,4.9,4.5,4.3
320,Clayton South,212041310,6.0,5.6,5.1,5.0,4.9,4.8,5.0,5.1,5.0,4.9,5.1,5.3,5.4,5.7,5.5,5.8,6.0,6.1,6.3,6.0,5.9,5.8,5.7,5.5,5.2,5.0,4.6,4.8,4.8,4.7,4.7,4.2,3.9,3.7,3.5,3.8,3.8,3.8,4.6,4.9,5.5,5.9,5.2,4.9,4.7,4.6
321,Dandenong,212041311,19.0,18.8,17.4,17.7,18.2,18.5,19.4,19.7,19.8,20.0,20.9,21.3,21.1,20.8,19.9,20.3,20.3,20.4,20.7,19.9,20.4,20.2,20.4,19.6,18.1,17.8,16.8,17.1,17.4,16.9,16.6,14.8,13.7,12.9,12.9,14.7,15.9,16.6,17.2,16.3,15.3,14.4,12.8,12.6,12.7,12.9
322,Dandenong North,212041312,11.1,10.5,9.5,9.9,10.3,10.6,11.1,11.1,11.1,10.9,11.3,11.4,11.3,11.4,11.1,11.5,11.7,11.8,12.3,12.1,12.8,12.9,13.0,12.6,11.7,11.4,10.7,10.6,10.4,10.2,10.2,9.2,8.9,8.4,8.3,9.3,10.0,10.3,11.1,10.9,10.7,10.3,9.0,8.4,8.0,8.0
323,Dingley Village,212041313,2.8,2.6,2.3,2.2,2.0,2.0,2.0,2.1,2.1,2.1,2.3,2.4,2.4,2.5,2.4,2.5,2.6,2.7,2.9,3.0,3.2,3.3,3.2,3.1,2.9,3.0,2.9,2.9,2.9,2.6,2.6,2.3,2.3,2.2,2.2,2.5,2.6,2.8,3.5,3.8,4.1,4.1,3.5,3.3,3.1,3.0
324,Keysborough,212041314,6.4,6.1,5.5,5.7,5.8,5.7,5.9,5.8,5.8,5.6,5.8,6.0,6.0,6.2,6.0,6.2,6.2,6.1,6.1,5.9,6.0,6.1,6.2,6.1,5.6,5.4,5.0,4.9,4.9,4.9,4.8,4.3,4.0,3.7,3.6,4.0,4.3,4.4,5.2,5.5,5.9,6.3,5.5,5.3,5.0,4.7
325,Noble Park North,212041316,8.8,8.2,7.3,7.2,7.2,7.0,7.2,7.3,7.3,7.5,8.2,8.4,8.5,8.9,8.7,9.3,9.6,9.7,10.0,10.0,10.5,10.8,11.1,11.1,10.5,10.4,9.8,9.8,9.8,9.3,8.9,7.6,6.8,6.5,6.3,7.4,8.3,8.9,10.0,9.9,9.8,9.4,8.2,7.7,7.5,7.7
326,Springvale,212041317,10.4,9.7,8.6,8.4,8.1,7.8,7.9,8.0,8.2,8.3,8.9,9.3,9.2,9.4,9.2,9.9,10.4,10.8,11.1,10.7,10.9,10.8,10.8,10.4,9.5,9.4,8.9,9.1,9.3,9.3,9.4,8.4,7.7,7.1,6.8,7.6,8.2,8.5,9.4,9.4,9.5,9.5,8.4,8.0,7.7,7.6
327,Springvale South,212041318,10.4,9.8,8.6,8.3,7.9,7.5,7.6,7.6,7.7,8.0,8.7,9.2,9.2,9.4,9.1,9.7,9.9,10.0,10.2,9.7,10.0,10.2,10.5,10.5,10.0,10.1,9.5,9.6,9.6,9.3,9.1,8.0,7.4,6.9,6.7,7.6,8.0,8.1,9.1,9.2,9.6,9.8,8.7,8.5,8.3,8.3
330,Ashwood - Chadstone,212051319,4.4,4.3,3.9,3.8,3.9,3.9,4.0,4.0,4.0,4.0,4.2,4.3,4.3,4.4,4.2,4.4,4.6,4.7,4.9,5.0,5.2,5.4,5.6,5.5,5.2,5.1,4.7,4.8,4.9,5.0,5.1,4.7,4.3,3.9,3.6,3.9,4.0,4.2,4.9,5.2,5.6,5.8,5.2,5.0,4.9,5.1
331,Clayton,212051320,4.3,4.1,3.6,3.5,3.4,3.5,3.7,3.7,3.9,4.0,4.3,4.4,4.3,4.4,4.3,4.6,4.7,4.8,4.8,4.4,4.5,4.4,4.3,4.2,3.8,3.6,3.3,3.2,3.2,3.2,3.2,2.8,2.6,2.4,2.3,2.6,2.7,2.8,3.4,3.6,3.9,4.1,3.8,3.7,3.8,3.9
332,Glen Waverley - East,212051321,2.4,2.5,2.2,2.2,2.2,2.2,2.3,2.4,2.4,2.3,2.4,2.4,2.4,2.5,2.5,2.8,2.9,3.0,3.1,2.9,3.0,3.1,3.3,3.4,3.1,3.0,2.7,2.6,2.7,2.6,2.6,2.4,2.3,2.2,2.3,2.5,2.6,2.7,3.4,3.9,4.3,4.4,3.8,3.4,3.1,3.0
333,Glen Waverley - West,212051322,3.4,3.2,3.0,2.9,2.9,2.9,2.9,3.0,3.0,2.9,3.1,3.1,3.1,3.2,3.2,3.4,3.6,3.7,3.8,3.6,3.6,3.5,3.3,3.2,2.9,2.9,2.8,2.8,2.8,2.8,2.8,2.5,2.4,2.3,2.2,2.4,2.5,2.6,3.2,3.6,4.1,4.5,3.9,3.7,3.4,3.3
334,Mount Waverley - North,212051323,2.2,2.1,1.8,1.8,1.8,1.8,1.9,1.9,1.9,1.9,2.2,2.4,2.5,2.6,2.5,2.6,2.6,2.7,2.8,2.8,2.8,2.7,2.7,2.7,2.7,2.7,2.6,2.6,2.6,2.5,2.6,2.3,2.1,2.0,1.8,2.0,2.2,2.2,2.9,3.3,3.6,3.9,3.3,3.0,2.8,2.8
335,Mount Waverley - South,212051324,2.7,2.6,2.4,2.5,2.5,2.6,2.8,2.9,2.9,2.9,2.9,2.8,2.6,2.7,2.6,2.8,3.1,3.2,3.5,3.4,3.5,3.4,3.3,3.1,2.8,2.7,2.5,2.4,2.4,2.3,2.4,2.2,2.1,2.0,1.9,2.2,2.3,2.4,3.1,3.4,3.7,3.9,3.2,2.8,2.6,2.5
336,Mulgrave,212051325,4.3,4.2,3.8,3.8,3.7,3.5,3.7,3.6,3.7,3.6,3.8,3.9,3.9,4.1,4.1,4.3,4.4,4.3,4.4,4.2,4.3,4.4,4.4,4.5,4.2,4.1,3.9,3.9,4.0,3.9,3.8,3.3,3.1,2.8,2.8,3.2,3.4,3.6,4.3,4.7,5.0,5.2,4.5,4.2,3.9,3.7
337,Oakleigh - Huntingdale,212051326,4.7,4.5,3.9,3.8,3.6,3.5,3.7,3.8,3.9,3.9,4.1,4.1,4.0,4.1,3.9,4.1,4.3,4.4,4.7,4.6,4.8,5.0,5.0,5.0,4.5,4.2,3.8,3.7,3.7,3.7,3.7,3.4,3.1,2.9,2.9,3.3,3.6,3.7,4.4,4.6,4.8,4.9,4.1,3.7,3.4,3.3
338,Wheelers Hill,212051327,2.6,2.5,2.3,2.3,2.3,2.3,2.4,2.4,2.3,2.2,2.2,2.2,2.1,2.2,2.2,2.5,2.6,2.6,2.6,2.6,2.6,2.7,2.8,2.7,2.5,2.4,2.2,2.3,2.4,2.4,2.3,2.0,1.9,1.7,1.6,1.7,1.8,1.9,2.6,3.0,3.5,3.8,3.3,3.0,2.7,2.5
339,Ardeer - Albion,213011328,9.7,9.9,10.5,11.7,12.9,13.7,14.5,14.6,14.6,15.0,14.4,13.8,13.3,12.5,12.1,12.3,12.4,12.5,12.1,11.8,11.8,11.4,11.2,11.0,11.0,11.8,12.5,13.2,13.1,13.0,12.6,11.8,11.0,10.1,9.7,9.2,8.8,8.9,9.4,9.8,10.5,10.3,9.4,8.3,7.8,6.9
340,Cairnlea,213011329,5.1,4.9,5.1,5.6,6.3,6.7,7.0,7.1,7.0,7.3,7.2,7.0,6.7,6.3,6.2,6.5,6.6,6.8,6.8,6.8,7.1,7.3,7.4,7.6,7.8,8.1,8.3,8.4,8.4,8.4,8.2,7.8,6.9,6.3,6.0,5.7,5.6,5.9,6.5,7.4,8.5,8.8,8.1,7.0,6.1,5.1
341,Deer Park - Derrimut,213011330,7.7,7.6,7.8,8.2,8.8,9.2,9.5,9.3,9.0,9.4,8.9,8.7,8.5,8.1,8.4,8.9,9.3,9.4,9.2,9.1,9.2,9.2,9.3,9.4,9.7,10.4,11.0,11.5,11.5,11.4,10.9,10.2,9.2,8.3,8.1,8.0,7.9,8.6,9.2,9.8,10.8,10.6,9.8,8.5,7.5,6.4
342,Delahey,213011331,7.8,7.7,8.2,9.1,9.9,10.6,10.9,10.6,9.8,9.7,9.3,9.0,9.1,8.9,9.2,9.6,9.7,9.9,9.6,9.6,10.0,9.9,9.9,10.1,10.1,10.7,11.2,11.5,11.4,11.5,11.2,10.7,9.9,9.2,8.7,8.3,8.3,8.5,9.1,10.1,11.3,11.7,11.1,9.9,9.0,7.8
343,Keilor Downs,213011332,5.9,5.6,5.8,6.2,6.9,7.3,7.6,7.6,7.3,7.5,7.2,7.0,6.8,6.8,7.1,7.7,8.0,8.2,8.1,8.1,8.4,8.5,8.6,8.8,8.9,9.5,10.2,10.6,10.8,10.6,10.2,9.3,8.3,7.4,7.0,6.9,7.0,7.8,8.6,9.4,10.5,10.3,9.5,8.2,7.0,6.0
344,Kings Park (Vic.),213011333,10.6,10.5,10.9,11.7,12.5,13.1,13.7,13.7,13.4,14.0,13.6,13.1,12.9,12.3,12.6,13.5,14.1,14.5,14.3,14.2,14.6,14.6,14.5,14.6,14.6,15.5,16.5,17.0,17.1,16.8,16.1,15.2,13.9,12.9,12.5,12.0,11.9,12.5,13.4,14.7,16.2,16.0,14.9,13.0,11.6,10.2
345,St Albans - North,213011334,11.8,11.6,12.1,13.1,14.3,15.3,16.1,15.9,15.5,15.8,15.1,14.5,14.3,13.6,13.8,14.4,14.5,14.5,13.8,13.4,13.5,13.5,13.6,14.2,14.7,16.0,17.0,17.7,17.5,17.3,16.7,15.5,14.2,13.2,12.8,12.7,12.7,13.6,14.3,15.1,16.5,15.9,14.7,12.9,11.5,10.0
346,St Albans - South,213011335,12.2,11.9,12.3,13.3,14.4,15.0,15.5,15.5,15.4,16.1,15.5,14.7,14.0,13.0,13.0,13.5,14.0,14.4,14.4,14.4,14.8,14.9,14.8,15.1,15.0,15.6,16.2,16.6,16.4,16.1,15.6,14.5,13.3,12.3,11.9,11.7,11.6,12.4,13.2,14.1,15.5,15.0,13.9,12.2,11.0,9.6
347,Sunshine,213011336,10.1,10.2,10.9,12.0,13.1,14.0,14.5,14.4,14.2,14.5,13.8,13.1,12.4,11.3,11.3,11.7,12.0,12.5,12.2,11.9,11.8,11.5,11.4,11.5,11.3,11.7,12.1,12.2,11.9,11.7,11.2,10.5,9.7,9.1,9.1,9.1,9.1,9.5,9.9,10.3,11.2,10.7,9.7,8.3,7.3,6.2
348,Sunshine North,213011337,11.5,11.4,11.9,12.9,14.0,14.8,15.3,15.3,15.4,16.5,16.2,15.7,15.1,13.8,13.6,13.9,13.9,14.0,13.6,13.8,14.1,14.4,14.5,14.6,14.7,15.5,16.2,16.5,16.3,15.6,14.9,13.9,12.8,12.0,11.7,11.3,11.1,11.5,12.0,12.7,14.0,13.9,13.1,11.4,10.1,8.7
349,Sunshine West,213011338,10.6,10.4,10.8,11.7,12.7,13.4,14.0,13.8,13.5,13.8,13.2,12.8,12.6,12.2,12.5,13.1,13.3,13.5,13.0,12.8,12.9,12.8,12.7,12.9,12.9,13.4,14.0,14.5,14.5,14.5,13.8,12.7,11.5,10.5,10.3,10.4,10.5,11.2,11.8,12.4,13.4,13.0,12.1,10.6,9.5,8.4
350,Sydenham,213011339,4.6,4.6,4.7,5.0,5.3,5.5,5.8,5.9,5.9,6.1,5.9,5.8,5.8,5.7,5.9,6.4,6.9,7.4,7.5,7.4,7.4,7.4,7.3,7.3,7.2,7.5,7.7,7.9,8.0,7.9,7.7,7.2,6.5,5.9,5.7,5.5,5.5,5.8,6.5,7.3,8.3,8.3,7.8,6.7,5.8,4.9
351,Taylors Lakes,213011340,2.7,2.7,2.7,3.0,3.2,3.4,3.8,4.0,4.0,4.2,4.0,3.9,3.9,3.8,3.9,4.1,4.2,4.2,4.1,4.0,4.0,4.0,4.0,4.1,4.1,4.3,4.5,4.7,4.8,4.7,4.5,4.3,3.8,3.5,3.2,3.1,3.1,3.3,3.9,4.6,5.3,5.4,4.9,4.1,3.4,2.8
352,Altona,213021341,4.2,4.0,4.0,4.5,4.9,5.2,5.3,5.1,4.7,4.8,4.7,4.6,4.5,4.3,4.2,4.4,4.7,4.9,4.8,4.9,5.0,5.0,5.1,5.2,5.2,5.5,5.7,5.7,5.7,5.5,5.2,4.7,4.3,3.8,3.6,3.4,3.5,3.7,4.2,4.6,5.0,5.1,4.6,4.0,3.5,2.9
353,Altona Meadows,213021342,5.5,5.4,5.5,6.0,6.4,6.8,7.1,7.1,7.0,7.2,6.8,6.6,6.5,6.2,6.5,7.0,7.1,7.3,7.2,7.2,7.4,7.5,7.5,7.4,7.4,7.7,8.0,8.4,8.4,8.3,8.0,7.5,6.8,6.0,5.7,5.5,5.4,5.9,6.5,7.3,8.2,8.3,7.8,6.7,5.9,5.1
354,Altona North,213021343,7.8,7.7,7.8,8.4,9.0,9.6,10.1,10.1,9.9,10.1,9.6,9.2,8.8,8.2,8.2,8.5,8.6,8.9,8.7,8.6,8.6,8.5,8.3,8.4,8.4,9.0,9.6,9.9,9.8,9.4,8.6,7.8,7.0,6.4,6.3,6.3,6.4,6.9,7.6,8.2,9.0,8.8,8.0,7.0,6.2,5.3
355,Newport,213021344,3.5,3.3,3.3,3.4,3.7,3.9,4.0,4.0,3.9,4.0,3.8,3.5,3.4,3.3,3.3,3.5,3.4,3.5,3.5,3.5,3.8,3.8,3.7,3.6,3.5,3.5,3.5,3.5,3.4,3.4,3.3,3.2,3.0,2.8,2.8,2.9,2.9,3.0,3.4,3.9,4.4,4.5,4.0,3.4,2.9,2.4
356,Seabrook,213021345,4.5,4.3,4.3,4.3,4.5,4.8,5.2,5.3,5.4,5.6,5.3,5.0,4.9,4.7,4.9,5.3,5.5,5.7,5.5,5.3,5.3,5.3,5.1,5.1,5.2,5.1,5.2,5.3,5.0,5.1,5.0,4.7,4.4,4.0,4.0,4.0,4.0,4.4,4.7,5.4,6.4,6.7,6.4,5.5,4.7,4.0
357,Williamstown,213021346,3.2,3.1,3.1,3.3,3.5,3.6,3.6,3.5,3.4,3.4,3.1,3.0,3.0,3.1,3.3,3.6,3.7,3.6,3.4,3.3,3.4,3.5,3.6,3.6,3.6,3.7,3.9,4.0,3.9,3.7,3.5,3.3,3.0,2.7,2.6,2.6,2.6,2.7,3.2,3.7,4.2,4.3,3.7,3.1,2.7,2.3
358,Braybrook,213031347,10.2,9.8,10.3,11.3,12.6,13.5,14.0,13.9,13.5,13.8,13.4,13.0,12.7,11.7,11.4,11.6,11.6,12.0,11.7,11.5,11.5,11.2,11.0,10.8,10.6,11.1,11.5,11.8,11.7,11.4,11.1,10.3,9.3,8.4,7.9,7.8,7.9,8.9,9.8,10.5,11.4,11.3,10.5,9.4,8.4,7.1
359,Footscray,213031348,7.4,7.2,7.3,7.8,8.4,8.9,9.3,9.4,9.4,9.7,9.2,8.8,8.6,8.0,7.9,8.1,8.0,8.3,8.3,8.4,8.5,8.5,8.5,8.6,8.8,9.4,9.8,10.2,10.1,9.8,9.3,8.6,7.9,7.1,6.7,6.6,6.6,7.2,7.9,8.6,9.3,9.2,8.4,7.3,6.7,6.0
360,Maribyrnong,213031349,3.1,3.1,3.3,3.5,3.9,4.0,4.0,3.9,3.7,3.8,3.7,3.7,3.7,3.7,3.8,4.0,4.1,4.3,4.2,4.2,4.4,4.5,4.6,4.6,4.5,4.5,4.4,4.5,4.4,4.2,4.1,3.7,3.3,3.0,2.8,2.7,2.6,2.8,3.6,4.5,5.4,5.9,5.3,4.4,3.8,3.1
361,Seddon - Kingsville,213031350,4.8,4.5,4.5,4.9,5.3,5.7,5.8,5.7,5.5,5.5,5.2,5.0,5.0,4.9,5.1,5.5,5.6,5.8,5.6,5.6,5.5,5.3,5.1,5.1,5.1,5.4,5.6,5.6,5.3,5.0,4.6,4.3,4.0,3.6,3.4,3.2,3.2,3.5,4.2,5.0,5.8,5.9,5.4,4.5,3.9,3.4
362,West Footscray - Tottenham,213031351,5.2,5.1,5.3,5.8,6.5,6.9,6.9,6.8,6.6,6.8,6.7,6.4,6.2,5.8,5.8,6.2,6.4,6.7,6.7,6.7,6.7,6.7,6.5,6.6,6.7,7.0,7.4,7.6,7.4,7.2,6.8,6.3,5.6,5.1,5.0,5.1,5.2,5.7,6.3,6.9,7.7,7.7,7.0,6.0,5.4,4.7
363,Yarraville,213031352,3.6,3.4,3.4,3.7,4.1,4.4,4.7,4.7,4.4,4.4,4.0,3.8,3.7,3.6,3.6,3.8,3.9,3.9,3.9,3.8,3.9,3.9,3.9,3.8,3.8,3.9,4.0,4.1,4.0,4.0,3.9,3.5,3.3,2.9,2.7,2.7,2.8,3.2,3.8,4.3,4.8,4.9,4.4,3.7,3.2,2.7
364,Bacchus Marsh,213041353,4.5,4.4,4.7,5.3,5.8,6.3,6.7,6.7,6.4,6.4,6.0,5.7,5.7,5.7,6.0,6.7,7.0,7.3,7.3,7.4,7.6,7.6,7.6,7.7,7.6,7.9,8.3,8.5,8.6,8.6,8.2,7.7,7.0,6.1,5.9,5.7,5.9,6.7,7.2,7.7,8.3,7.9,7.4,6.6,6.0,5.3
365,Hillside,213041355,3.5,3.5,3.6,3.8,4.0,4.1,4.2,4.2,4.2,4.3,4.2,4.1,4.0,3.8,3.9,4.2,4.3,4.5,4.4,4.3,4.3,4.2,4.1,4.2,4.1,4.5,4.7,5.0,5.1,5.0,4.6,4.1,3.6,3.2,3.3,3.2,3.3,3.7,4.2,4.9,5.7,5.9,5.4,4.7,4.1,3.6
366,Melton,213041356,8.7,8.7,9.1,9.7,10.4,11.0,11.6,11.6,11.5,11.9,11.4,10.9,10.8,10.5,11.3,12.5,13.3,14.0,13.9,13.7,14.0,13.9,14.0,14.4,14.6,15.9,16.6,17.6,18.0,18.3,18.6,18.4,17.7,15.5,14.2,12.6,11.6,12.8,13.3,13.7,14.5,13.6,12.9,11.7,10.6,9.2
367,Melton South,213041357,8.0,8.1,8.5,9.2,9.9,10.6,11.3,11.4,11.2,11.6,11.1,10.8,10.7,10.2,10.3,10.8,11.1,11.4,11.3,11.4,11.6,11.4,11.4,11.5,11.6,12.5,13.3,14.0,14.2,13.9,13.0,12.0,10.9,10.1,10.4,10.5,10.6,11.6,11.9,12.5,13.3,12.9,12.3,11.1,10.3,9.2
368,Melton West,213041358,5.7,5.6,5.8,6.4,7.0,7.6,8.2,8.4,8.6,9.1,8.8,8.7,8.5,8.1,8.5,9.1,9.6,10.2,10.2,10.2,10.3,10.3,10.3,10.4,10.4,11.0,11.5,11.7,11.4,10.2,8.7,6.9,5.6,5.4,6.6,7.8,8.9,10.5,11.1,11.8,12.6,12.0,11.2,9.9,8.9,7.8
369,Rockbank - Mount Cottrell,213041359,8.6,8.3,8.3,8.9,10.1,11.2,12.0,12.1,11.7,11.5,10.7,10.2,10.0,9.5,10.0,11.0,11.7,12.7,12.3,11.8,11.9,11.6,11.7,12.4,12.4,12.5,12.1,11.4,10.2,8.5,7.0,5.8,4.9,4.6,5.4,6.2,6.7,8.1,9.2,10.8,12.8,14.2,14.3,13.2,12.3,10.8
370,Taylors Hill,213041360,3.0,2.9,3.0,3.2,3.5,3.7,3.8,3.7,3.7,3.9,3.8,3.8,3.8,3.8,4.0,4.3,4.5,4.6,4.4,4.4,4.5,4.5,4.5,4.6,4.7,4.9,5.1,5.2,5.1,5.1,4.9,4.6,4.3,3.8,3.6,3.6,3.5,3.9,4.4,5.0,5.9,6.0,5.5,4.8,4.1,3.5
374,Hoppers Crossing - North,213051361,4.4,4.4,4.8,5.3,5.9,6.3,6.6,6.6,6.5,6.7,6.4,6.1,6.0,5.8,6.1,6.5,6.9,7.2,7.1,7.2,7.2,7.1,7.2,7.4,7.7,8.4,8.9,9.2,9.1,8.9,8.3,7.6,6.8,6.2,6.1,6.1,6.1,6.5,7.0,7.7,8.5,8.4,7.7,6.7,5.8,5.0
375,Hoppers Crossing - South,213051362,6.6,6.5,6.7,7.2,7.9,8.4,8.9,8.8,8.6,8.9,8.7,8.6,8.6,8.3,8.6,9.1,9.4,9.8,9.7,9.5,9.6,9.5,9.5,9.8,9.9,10.6,11.0,11.3,11.2,10.9,10.4,9.7,9.0,8.3,8.0,7.7,7.7,8.4,9.0,9.8,10.7,10.2,9.5,8.3,7.6,6.6
376,Laverton,213051363,12.3,11.7,11.6,11.9,12.3,12.8,13.5,13.7,13.6,13.8,12.8,12.0,11.4,10.3,10.0,10.2,10.4,10.5,10.1,9.9,9.7,9.4,9.1,8.8,8.6,8.7,8.9,9.1,8.9,8.9,8.5,7.6,6.7,5.8,5.6,5.7,6.0,6.8,7.3,7.9,8.4,8.2,7.6,6.7,6.0,5.2
377,Tarneit,213051365,3.9,3.9,4.2,4.6,5.0,5.4,5.9,6.0,5.9,5.9,5.5,5.3,5.1,4.9,5.1,5.4,5.6,5.9,5.8,5.7,5.6,5.3,5.1,5.1,5.0,5.2,5.3,5.4,5.5,5.5,5.3,5.0,4.5,4.0,3.9,3.8,3.7,4.2,4.8,5.7,6.5,6.7,6.2,5.4,4.8,4.2
378,Truganina,213051366,4.1,4.1,4.3,4.5,4.9,5.3,5.8,6.0,6.0,6.3,5.9,5.6,5.3,4.8,5.0,5.3,5.4,5.6,5.3,5.1,5.0,4.8,4.6,4.5,4.5,4.6,4.8,4.8,4.8,4.8,4.6,4.4,4.0,3.5,3.4,3.3,3.2,3.5,4.2,5.1,6.0,6.4,5.8,4.9,4.2,3.5
379,Werribee - South,213051368,5.4,5.4,5.6,6.0,6.6,7.2,7.7,7.7,7.3,7.3,6.9,6.8,7.0,6.9,7.1,7.3,7.4,7.5,7.5,7.5,7.8,7.7,7.8,8.1,8.3,9.2,9.7,10.0,9.9,9.3,8.7,7.8,6.9,6.3,6.0,6.1,6.5,7.7,8.7,9.6,10.4,9.9,9.2,7.8,6.8,5.9
380,Wyndham Vale,213051369,6.0,5.9,6.0,6.4,7.0,7.5,8.1,8.3,8.3,8.8,8.3,7.9,7.7,7.2,7.4,7.8,8.1,8.6,8.8,9.0,9.5,9.4,9.4,9.4,9.3,9.6,9.7,10.0,9.9,9.6,8.9,8.1,7.3,6.6,6.7,6.7,6.7,7.7,8.3,9.2,10.4,10.6,10.3,9.2,8.3,7.2
386,Carrum Downs,214011370,4.8,5.3,5.5,6.0,6.1,6.3,6.5,6.1,6.0,6.0,6.2,6.4,6.7,6.7,6.8,7.3,7.5,8.1,7.7,7.3,6.6,5.8,5.7,5.2,5.8,5.9,6.5,7.2,6.8,6.9,6.4,5.4,5.1,4.9,4.9,5.3,5.6,5.6,5.7,5.8,5.8,6.0,5.9,5.4,5.1,4.8
387,Frankston,214011371,6.8,7.7,8.0,8.7,9.0,9.3,9.5,9.1,9.1,9.2,9.5,9.9,10.1,10.1,10.1,10.6,10.6,11.3,10.8,10.5,9.7,8.8,8.8,8.1,8.9,9.0,9.8,10.8,10.2,10.6,10.0,9.0,8.5,8.2,8.3,8.8,9.5,9.5,9.7,9.5,9.1,9.0,8.8,8.2,7.7,7.2
388,Frankston North,214011372,10.7,11.9,12.2,13.4,13.5,14.0,14.6,13.9,13.8,13.5,13.5,13.9,14.1,14.1,14.3,14.9,15.2,16.2,15.5,15.0,13.7,12.1,12.0,10.9,11.9,12.0,12.9,14.1,13.2,13.8,13.3,11.9,11.6,11.1,11.1,11.9,12.6,12.5,12.3,11.7,11.1,10.9,11.0,10.4,10.1,10.0
389,Frankston South,214011373,2.4,2.5,2.5,2.7,2.7,2.7,2.9,2.7,2.8,2.8,2.8,2.9,3.0,3.0,3.0,3.3,3.4,3.7,3.5,3.5,3.2,2.8,2.7,2.4,2.6,2.7,3.1,3.4,3.2,3.3,3.1,2.7,2.6,2.4,2.4,2.5,2.7,2.5,2.9,3.0,3.1,3.4,3.2,2.8,2.5,2.3
390,Langwarrin,214011374,2.8,3.1,3.2,3.4,3.4,3.5,3.5,3.2,3.1,3.2,3.4,3.7,3.9,4.0,4.2,4.5,4.7,5.2,5.0,4.8,4.4,3.7,3.5,3.2,3.5,3.5,3.7,3.9,3.6,3.7,3.6,3.2,3.2,3.1,3.0,3.2,3.4,3.4,3.7,3.9,4.0,4.2,4.0,3.5,3.1,2.9
391,Seaford (Vic.),214011375,6.3,6.8,6.8,7.2,7.3,7.5,7.7,7.3,7.1,7.1,7.5,8.2,8.7,8.9,9.1,9.4,9.3,9.9,9.3,8.9,8.2,7.2,7.2,6.7,7.4,7.4,7.9,8.4,7.6,7.7,7.3,6.4,6.1,5.8,5.6,5.9,6.5,6.5,6.9,7.1,7.0,7.2,7.0,6.6,6.3,6.1
392,Skye - Sandhurst,214011376,2.6,2.7,2.7,3.0,3.0,3.2,3.3,3.1,3.0,3.0,3.1,3.2,3.3,3.5,3.7,4.0,4.2,4.4,4.2,4.0,3.7,3.3,3.2,2.9,3.1,3.1,3.3,3.7,3.4,3.5,3.5,3.0,2.8,2.6,2.5,2.6,2.8,2.8,3.1,3.3,3.6,3.9,3.8,3.5,3.2,2.9
393,Dromana,214021377,5.0,5.7,5.8,6.2,6.2,6.0,5.9,5.2,5.1,5.1,5.3,5.7,5.9,6.0,5.9,6.2,6.0,5.9,5.5,5.3,4.9,4.7,4.7,4.3,4.7,4.5,5.0,5.5,5.1,5.3,5.1,4.3,4.1,3.8,3.8,4.0,4.2,4.2,4.6,5.0,5.3,5.5,5.2,4.5,4.0,3.6
394,Flinders,214021378,1.5,1.6,1.5,1.6,1.5,1.6,1.6,1.6,1.7,1.6,1.6,1.7,1.8,1.9,1.9,1.9,1.8,1.8,1.7,1.6,1.6,1.6,1.5,1.4,1.5,1.3,1.4,1.7,1.6,1.8,1.8,1.6,1.5,1.5,1.3,1.3,1.5,1.7,2.0,2.3,2.4,2.3,2.0,1.7,1.4,1.3
395,Hastings - Somers,214021379,5.2,5.9,6.1,6.6,6.7,6.6,6.8,6.5,6.4,6.5,6.7,7.0,7.3,7.4,7.5,7.9,7.9,8.4,8.0,7.5,6.9,6.2,6.2,5.9,6.6,6.6,7.1,7.6,6.8,6.9,6.6,5.8,5.7,5.5,5.5,5.8,6.2,6.2,6.3,6.1,5.9,5.9,5.7,5.3,5.0,4.9
396,Mornington,214021380,3.7,4.0,4.1,4.5,4.5,4.6,4.7,4.5,4.5,4.5,4.7,4.9,5.0,5.1,5.1,5.5,5.7,6.1,5.9,5.7,5.1,4.4,4.2,3.7,4.0,3.9,4.3,4.6,4.4,4.5,4.3,3.8,3.6,3.6,3.6,3.8,4.1,4.0,4.5,4.8,4.9,5.0,4.6,4.0,3.6,3.4
397,Mount Eliza,214021381,1.3,1.4,1.4,1.5,1.5,1.5,1.6,1.5,1.6,1.6,1.7,1.8,1.9,2.0,2.0,2.2,2.2,2.2,2.0,1.9,1.7,1.5,1.4,1.3,1.5,1.5,1.6,1.7,1.5,1.6,1.6,1.4,1.3,1.2,1.0,1.0,1.0,1.0,1.4,1.8,2.1,2.3,2.0,1.6,1.4,1.3
398,Mount Martha,214021382,1.6,1.8,1.8,2.0,2.1,2.2,2.3,2.2,2.3,2.4,2.5,2.5,2.5,2.6,2.6,2.8,2.8,2.9,2.8,2.6,2.3,2.0,2.0,1.8,2.0,2.0,2.1,2.3,2.1,2.1,1.9,1.6,1.5,1.3,1.4,1.5,1.7,1.8,2.2,2.6,2.8,3.1,2.7,2.3,2.0,1.8
399,Point Nepean,214021383,5.1,5.5,5.7,6.1,6.2,6.2,6.1,5.6,5.4,5.2,5.4,5.6,5.9,6.1,6.1,6.6,6.6,7.2,6.9,6.6,6.0,5.2,5.0,4.7,5.3,5.3,5.9,6.5,6.0,6.1,5.7,4.9,4.7,4.4,4.4,4.6,4.8,4.8,5.3,5.6,5.7,6.0,5.6,4.9,4.4,4.1
400,Rosebud - McCrae,214021384,7.6,8.3,8.4,9.0,9.1,9.1,9.3,8.8,8.7,8.7,9.1,9.5,9.9,9.9,9.9,10.1,10.0,10.7,10.1,9.9,9.3,8.3,8.4,7.8,8.6,8.6,9.3,10.0,9.2,9.1,8.6,7.7,7.6,7.6,7.7,8.3,8.7,8.6,8.9,8.7,8.5,8.6,8.2,7.4,6.9,6.5
401,Somerville,214021385,3.1,3.4,3.5,3.7,3.7,3.8,4.0,3.9,4.0,4.1,4.2,4.4,4.6,4.6,4.6,4.9,4.9,5.3,5.1,4.9,4.4,3.7,3.5,3.1,3.4,3.5,3.9,4.4,4.3,4.5,4.3,3.9,3.6,3.4,3.2,3.3,3.5,3.5,3.7,3.9,4.0,4.1,4.0,3.5,3.1,2.8
402,Ararat,215011386,7.2,6.3,5.6,4.7,4.6,4.5,4.3,4.9,4.9,4.8,5.0,4.5,5.0,5.3,5.9,6.6,6.6,7.0,7.2,8.1,8.6,9.0,8.2,6.6,6.2,6.7,6.9,7.3,7.0,6.1,5.3,5.2,4.9,4.7,5.8,5.8,6.2,5.7,5.0,4.3,3.8,4.0,3.6,3.8,3.7,3.9
403,Ararat Region,215011387,3.9,3.6,3.4,3.0,2.8,2.3,2.0,2.3,2.2,2.3,2.6,2.6,3.4,3.6,3.7,3.7,3.2,3.2,3.5,4.0,4.2,4.4,4.0,3.2,3.0,3.1,3.2,3.4,3.4,3.0,2.6,2.5,2.2,2.2,2.9,3.0,3.1,2.7,2.3,2.1,1.9,2.0,1.9,2.0,1.9,1.9
404,Horsham,215011388,5.6,5.1,4.7,4.1,3.8,3.7,3.4,3.5,3.5,3.3,3.5,3.3,3.6,3.8,4.1,4.5,4.4,4.7,4.9,5.3,5.5,5.6,4.9,3.9,3.7,4.2,4.4,4.7,4.7,4.2,3.7,3.7,3.5,3.4,4.3,4.4,4.5,4.0,3.6,3.2,2.9,3.1,2.7,2.8,2.8,2.7
405,Horsham Region,215011389,2.9,2.8,2.6,2.1,1.8,1.7,1.6,1.6,1.6,1.6,1.7,1.7,2.0,2.3,2.4,2.3,2.1,2.0,2.0,2.2,2.3,2.5,2.3,2.0,1.9,2.0,1.9,2.0,2.0,1.9,1.8,1.9,1.8,1.8,2.3,2.4,2.5,2.2,1.9,1.7,1.6,1.9,1.7,1.7,1.7,1.8
406,Nhill Region,215011390,3.9,3.4,3.2,2.8,3.0,3.2,3.1,3.3,3.4,3.2,3.4,3.3,3.8,3.9,4.1,4.4,4.2,4.6,4.9,5.4,5.6,5.9,5.4,4.3,4.1,4.2,4.2,4.6,4.6,4.1,3.7,3.6,3.3,3.3,4.2,4.3,4.7,4.2,3.7,3.2,2.8,3.1,2.8,3.0,3.0,3.1
407,St Arnaud,215011391,6.1,5.2,4.8,4.2,4.1,4.0,3.9,4.2,4.3,4.1,4.3,3.7,3.9,4.1,4.5,4.9,4.9,5.1,5.0,5.3,5.5,6.0,5.7,4.9,4.7,5.0,5.0,5.3,5.3,4.7,4.0,3.9,3.5,3.3,4.3,4.6,4.9,4.4,3.7,3.1,2.7,3.0,2.8,2.8,2.8,3.0
408,Stawell,215011392,6.1,5.4,4.9,4.2,4.1,4.2,3.9,4.1,4.0,3.6,3.8,3.5,4.1,4.4,4.9,5.5,5.4,5.8,6.1,6.5,6.6,6.8,6.1,4.9,4.7,5.3,5.4,5.7,5.6,4.8,4.2,4.1,3.7,3.7,4.7,5.0,5.5,5.0,4.6,4.0,3.6,3.8,3.3,3.4,3.1,3.0
409,West Wimmera,215011393,3.5,3.0,2.7,2.2,2.2,2.1,2.0,2.3,2.3,2.3,2.3,1.8,1.9,1.8,1.9,2.3,2.4,2.7,2.9,3.2,3.2,3.1,2.7,2.1,2.0,2.5,2.6,2.8,2.9,2.6,2.3,2.2,1.9,1.9,2.5,2.7,3.0,2.7,2.4,1.8,1.6,1.9,1.6,1.7,1.5,1.4
410,Yarriambiack,215011394,5.8,5.0,4.4,3.7,3.4,3.1,2.9,3.2,3.2,3.2,3.3,2.9,3.3,3.5,3.8,4.3,4.2,4.7,5.3,6.0,6.5,6.9,6.1,5.0,4.6,4.9,5.1,5.3,5.3,4.8,4.2,4.2,3.9,3.6,4.6,4.9,5.2,4.5,3.8,3.1,2.6,3.0,3.0,3.2,3.2,3.1
411,Irymple,215021395,4.6,4.2,3.8,3.1,3.0,2.8,2.6,2.8,2.7,2.4,2.5,2.2,2.4,2.6,2.8,3.0,2.9,3.2,3.4,3.7,3.9,4.0,3.7,3.1,3.0,3.5,3.5,3.7,3.5,3.0,2.6,2.5,2.3,2.0,2.5,2.5,2.6,2.4,2.2,2.0,1.9,2.1,1.8,1.8,1.7,1.7
412,Merbein,215021396,8.0,6.9,6.3,5.5,5.6,5.9,5.7,6.1,5.7,5.2,5.5,4.9,5.4,5.7,6.1,6.9,6.9,7.3,7.8,8.4,8.5,8.4,7.0,5.3,5.1,6.0,6.2,6.6,6.3,5.3,4.6,4.3,3.9,3.8,4.8,4.9,5.1,4.4,3.9,3.4,3.1,3.5,3.1,3.2,3.1,2.9
413,Mildura Region,215021398,3.9,3.4,3.0,2.6,2.7,2.8,2.7,2.8,2.6,2.3,2.4,2.4,2.8,2.9,3.0,3.3,3.2,3.4,3.5,4.0,4.2,4.4,4.1,3.2,2.9,3.2,3.2,3.3,3.1,2.5,2.1,2.0,1.7,1.6,2.0,2.1,2.3,2.2,2.1,1.8,1.7,1.9,1.7,1.8,1.8,2.0
414,Red Cliffs,215021399,7.8,6.9,6.3,5.4,5.2,5.3,4.9,5.3,5.3,4.9,5.3,4.9,5.6,5.8,6.0,6.4,5.9,6.3,6.7,7.2,7.4,7.7,6.8,5.5,5.3,5.9,5.9,6.2,5.8,5.1,4.5,4.3,4.0,3.7,4.6,4.7,5.1,4.7,4.4,4.0,3.6,4.1,3.6,3.7,3.6,3.6
417,Buloke,215031400,5.3,4.5,3.9,3.3,3.0,2.9,2.6,2.7,2.5,2.5,2.7,2.6,3.1,3.3,3.5,3.8,3.6,4.0,4.4,5.0,5.3,5.5,5.0,3.9,3.7,4.1,4.1,4.5,4.4,3.8,3.4,3.4,3.3,3.3,4.1,4.1,4.1,3.5,3.0,2.5,2.3,2.7,2.5,2.7,2.6,2.5
418,Gannawarra,215031401,4.9,4.1,3.7,3.2,3.1,3.1,2.9,3.1,2.8,2.5,2.6,2.3,2.6,2.8,3.0,3.3,3.3,3.5,3.6,3.9,3.9,4.0,3.7,3.0,3.0,3.3,3.3,3.6,3.5,3.2,2.8,2.9,2.8,2.7,3.4,3.4,3.5,3.1,2.8,2.4,2.2,2.5,2.3,2.4,2.3,2.3
419,Kerang,215031402,7.3,6.6,6.2,5.4,5.0,4.8,4.2,4.4,4.3,4.2,4.6,4.3,4.7,4.9,4.8,5.1,4.9,5.1,5.3,5.8,6.0,6.3,5.8,4.7,4.6,5.0,4.9,5.1,5.0,4.6,4.4,4.5,4.4,4.5,5.7,5.8,6.0,5.3,4.5,4.1,3.7,4.1,3.7,3.8,3.6,3.4
420,Robinvale,215031403,8.0,6.7,5.8,4.9,4.7,4.7,4.4,4.7,4.4,4.1,4.4,3.8,4.4,4.7,5.1,5.7,5.6,5.9,6.0,6.3,6.1,6.2,5.7,4.5,4.5,5.0,5.1,5.4,5.0,4.1,3.5,3.3,3.0,2.7,3.2,3.3,3.5,3.4,3.2,2.8,2.6,3.2,3.0,3.2,3.2,3.3
421,Swan Hill,215031404,7.6,6.8,6.1,5.1,4.8,4.6,4.3,4.6,4.4,4.0,4.2,3.8,4.4,4.6,4.9,5.3,4.9,5.1,5.2,5.8,6.1,6.3,5.7,4.4,4.2,4.8,4.8,5.1,5.0,4.4,3.9,3.9,3.6,3.4,4.3,4.4,4.6,4.2,3.9,3.4,2.9,3.2,2.7,2.8,2.8,2.8
422,Swan Hill Region,215031405,5.8,5.1,4.5,3.8,3.4,3.2,2.9,3.0,3.0,2.8,3.0,2.8,3.1,3.2,3.4,3.8,3.7,3.9,4.0,4.2,4.1,4.2,3.7,2.9,2.9,3.2,3.4,3.6,3.6,3.2,2.9,3.0,2.9,2.9,3.6,3.6,3.8,3.4,3.1,2.7,2.5,2.8,2.5,2.6,2.4,2.2
423,Echuca,216011406,7.5,7.9,8.0,7.0,6.1,6.2,6.0,6.1,6.3,5.4,4.7,4.4,4.4,5.1,6.6,7.1,7.7,7.5,7.0,6.1,5.8,5.6,4.6,5.5,5.4,5.7,6.5,6.0,6.4,6.1,5.6,5.6,4.9,4.0,4.0,3.8,3.5,4.6,5.3,6.2,6.3,5.6,4.6,2.9,2.2,2.2
424,Kyabram,216011407,7.2,7.4,7.3,6.3,5.5,5.6,5.6,5.9,6.2,5.4,4.6,4.4,4.5,5.1,6.4,6.7,7.1,7.0,6.7,6.0,5.7,5.5,4.4,5.2,5.2,5.8,6.8,6.3,6.6,6.0,5.2,5.2,4.8,4.1,4.1,3.9,3.5,4.5,4.9,5.7,5.8,5.0,4.3,2.6,2.1,2.1
425,Lockington - Gunbower,216011408,4.1,3.9,3.9,3.5,2.9,3.1,3.0,3.0,3.1,2.5,2.1,1.9,2.0,2.2,2.8,3.0,3.2,3.2,3.1,2.8,2.7,2.7,2.2,2.7,2.7,3.0,3.3,3.1,3.3,3.0,2.7,2.6,2.3,2.0,2.3,2.5,2.4,3.1,3.4,3.6,3.8,3.5,3.1,2.1,1.7,1.6
426,Rochester,216011409,5.2,5.1,4.9,4.2,3.8,4.3,4.8,5.2,5.4,4.6,3.7,3.3,3.3,3.6,4.5,5.0,5.6,5.4,5.2,4.5,4.3,4.3,3.7,4.5,4.6,4.9,5.4,4.9,5.1,5.1,4.8,5.1,4.7,3.9,3.8,3.4,3.0,3.9,4.3,5.0,5.2,4.7,4.1,2.7,2.0,1.9
427,Rushworth,216011410,6.6,6.7,6.5,5.8,5.4,5.8,6.0,6.3,6.5,5.5,4.5,4.1,4.3,5.2,7.1,7.8,8.3,8.1,7.5,6.4,6.0,5.8,4.5,5.4,5.4,5.8,6.8,6.3,6.9,6.7,6.2,6.3,5.4,4.4,4.7,4.7,4.6,5.9,6.3,7.1,7.3,6.6,6.1,4.0,3.1,3.0
428,Cobram,216021411,8.8,9.0,8.9,7.6,6.6,7.3,7.7,8.2,8.5,6.9,5.5,4.9,4.9,5.5,6.7,7.0,7.7,7.5,7.6,6.7,6.3,6.1,4.8,5.6,5.5,6.2,7.2,6.7,7.1,6.5,5.8,5.9,5.3,4.5,4.6,4.4,4.0,5.4,5.8,6.8,7.0,6.1,5.2,3.1,2.4,2.4
429,Moira,216021412,5.3,5.3,5.5,4.7,4.2,4.3,4.3,4.4,4.6,4.0,3.6,3.4,3.6,4.7,6.0,6.2,6.7,6.1,5.7,5.1,4.7,4.6,3.6,4.5,4.3,4.6,5.3,4.8,4.9,4.5,3.9,3.9,3.4,2.8,2.8,2.7,2.6,3.5,4.1,5.1,5.4,5.1,4.6,2.9,2.2,2.0
430,Numurkah,216021413,6.0,6.2,6.3,5.6,5.1,5.5,5.7,6.1,6.3,5.4,4.5,4.1,4.0,4.5,5.6,5.9,6.4,6.3,6.3,5.5,5.2,5.2,4.2,5.0,4.9,5.3,6.0,5.6,5.9,5.6,5.1,5.2,4.6,4.0,4.0,3.9,3.6,4.5,4.9,5.3,5.4,4.8,4.3,2.8,2.2,2.1
431,Yarrawonga,216021414,6.4,6.5,6.6,5.8,5.2,5.4,5.4,5.5,5.4,4.5,3.8,3.8,3.9,4.5,5.8,6.4,7.1,7.1,6.9,5.9,5.6,5.7,4.7,5.6,5.6,5.9,6.5,6.0,6.3,5.9,5.4,5.2,4.4,3.6,3.6,3.3,3.0,3.8,4.5,5.6,5.8,5.6,4.8,2.9,2.3,2.1
432,Mooroopna,216031415,10.3,10.3,10.2,9.0,8.0,8.6,9.1,9.6,10.0,8.7,7.3,6.6,6.6,7.4,9.2,9.7,10.6,10.4,10.1,9.0,8.4,8.1,6.7,7.8,7.7,8.4,9.5,8.8,9.2,8.7,8.1,8.3,7.6,6.4,6.5,5.9,5.4,7.2,8.0,9.8,10.0,8.8,7.7,4.7,3.8,3.8
433,Shepparton - North,216031416,8.5,8.3,8.4,7.6,7.0,8.1,8.3,8.8,9.0,7.4,6.3,5.7,5.7,6.5,8.0,8.4,9.0,8.6,8.3,7.1,6.7,6.5,5.2,6.2,6.1,6.6,7.5,7.0,7.7,7.4,6.9,6.8,5.6,4.5,4.5,4.3,4.2,5.7,6.3,7.3,7.4,6.3,5.3,3.2,2.5,2.5
434,Shepparton - South,216031417,9.6,9.8,9.7,8.4,7.4,8.0,8.1,8.6,9.0,7.7,6.6,6.0,5.9,6.8,8.5,9.1,9.8,9.3,9.1,7.8,7.2,6.8,5.1,6.1,6.0,6.6,7.6,7.2,8.1,8.1,7.7,7.7,6.6,5.3,5.4,5.0,4.7,6.4,7.1,8.9,9.1,8.0,7.0,4.2,3.4,3.4
435,Shepparton Region - East,216031418,3.3,3.4,3.5,3.0,2.6,2.7,2.9,3.4,3.8,3.8,3.4,3.5,3.6,4.2,5.4,5.6,5.8,5.2,4.5,3.6,3.2,3.2,2.5,3.1,3.2,3.5,4.0,3.5,3.6,3.5,3.2,3.2,2.8,2.3,2.5,2.3,2.1,2.7,3.0,3.6,3.7,3.4,2.9,1.8,1.4,1.4
436,Shepparton Region - West,216031419,6.3,6.3,6.3,5.5,5.0,5.5,5.5,5.8,5.8,4.8,4.0,3.7,3.7,4.2,5.2,5.3,5.8,5.7,5.6,4.9,4.6,4.5,3.7,4.5,4.5,5.0,5.7,5.3,5.5,4.9,4.4,4.4,4.0,3.5,3.6,3.6,3.3,4.1,4.5,5.2,5.4,4.8,4.2,2.6,2.1,2.1
437,Glenelg (Vic.),217011420,4.5,5.9,6.0,5.8,5.7,5.1,4.7,5.0,5.0,5.2,5.5,5.6,5.5,5.4,6.1,6.3,6.0,5.6,4.4,2.9,2.5,2.8,3.4,4.2,4.7,4.4,4.0,3.6,3.3,2.9,2.9,3.3,3.3,3.6,3.2,2.5,2.7,2.6,2.7,2.9,2.7,3.1,3.3,3.5,3.7,3.2
438,Hamilton (Vic.),217011421,4.7,6.4,6.7,6.7,6.8,6.2,5.9,6.4,6.3,6.5,6.7,6.7,6.5,6.5,7.7,8.5,8.3,7.9,6.3,4.1,3.6,3.9,4.5,5.6,6.3,5.9,5.4,4.9,4.5,4.0,4.1,4.6,4.6,4.7,4.0,3.4,3.7,3.9,3.9,4.0,3.6,4.0,4.4,4.7,5.3,4.6
439,Portland,217011422,6.9,9.3,9.6,9.6,9.2,8.3,7.7,7.9,7.6,7.6,7.9,8.2,8.3,8.4,9.7,10.6,10.3,9.9,8.1,5.4,4.8,5.3,6.2,7.7,8.4,7.9,7.2,6.6,6.1,5.3,5.3,5.9,6.1,6.4,5.6,4.8,5.4,5.8,5.9,5.8,5.2,5.5,6.0,6.6,7.3,6.2
440,Southern Grampians,217011423,2.8,3.8,4.1,4.0,4.1,3.9,3.7,3.9,3.7,3.7,3.8,4.0,4.1,4.0,4.7,5.2,5.0,4.8,3.9,2.5,2.2,2.4,2.9,3.5,3.7,3.5,3.1,3.0,2.9,2.5,2.4,2.4,2.3,2.4,2.1,1.7,2.0,2.0,2.1,2.2,2.2,2.5,2.7,2.8,2.9,2.4
441,Camperdown,217031471,5.1,6.9,7.3,7.3,6.8,6.0,5.4,5.5,5.2,5.2,5.5,5.7,5.8,5.7,6.4,6.9,6.7,6.5,5.4,3.5,3.1,3.4,3.9,4.9,5.4,5.2,4.8,4.6,4.2,3.7,3.8,4.1,3.9,3.9,3.3,2.8,3.2,3.5,3.6,3.5,3.2,3.5,3.7,3.9,4.1,3.3
442,Colac,217031472,5.2,7.1,7.3,7.4,7.0,6.6,6.6,7.3,7.4,7.5,7.7,7.6,7.4,7.3,8.3,9.0,8.7,8.2,6.6,4.3,3.8,3.8,4.2,5.2,5.7,5.4,4.9,4.5,4.0,3.5,3.4,3.7,3.7,3.8,3.2,2.7,3.0,3.1,3.3,3.5,3.3,3.8,4.1,4.3,4.6,3.9
443,Colac Region,217031473,3.6,4.7,5.1,5.1,5.0,4.9,5.0,5.5,5.4,5.4,5.3,5.3,5.2,5.1,5.8,6.0,5.7,5.2,3.9,2.3,2.0,2.1,2.4,3.0,3.2,3.0,2.7,2.5,2.4,2.2,2.2,2.3,2.3,2.4,2.1,1.8,1.9,1.8,1.9,2.1,1.9,2.2,2.3,2.3,2.4,2.1
444,Corangamite - North,217031474,3.6,4.8,5.2,5.3,5.3,4.8,4.4,4.4,4.0,4.0,4.1,4.3,4.3,4.2,4.8,5.1,4.9,4.8,3.8,2.5,2.3,2.6,3.2,3.9,4.2,3.9,3.6,3.5,3.3,3.0,2.9,3.3,3.4,3.5,3.1,2.7,3.0,3.3,3.3,3.1,3.0,3.3,3.7,4.1,4.3,3.6
445,Corangamite - South,217031475,2.5,3.3,3.4,3.2,3.0,2.7,2.7,2.8,2.6,2.6,2.7,3.0,3.1,3.2,3.8,4.1,3.9,3.5,2.7,1.7,1.4,1.6,1.9,2.4,2.7,2.6,2.4,2.2,2.0,1.7,1.7,1.9,1.9,2.0,1.7,1.5,1.5,1.6,1.7,1.9,1.8,2.1,2.3,2.4,2.5,2.1
446,Otway,217031476,3.6,4.9,5.2,5.4,5.7,5.4,5.2,5.5,5.2,5.4,5.6,5.6,5.7,5.5,6.0,6.2,5.9,5.6,4.5,2.9,2.5,2.6,3.1,3.9,4.2,4.0,3.6,3.5,3.2,2.7,2.5,2.7,2.5,2.5,2.2,1.6,1.8,1.7,2.1,2.5,2.8,3.5,3.7,3.7,3.7,2.9
447,Moyne - East,217041477,2.9,3.7,3.9,3.9,3.7,3.6,3.5,3.8,3.9,4.0,4.0,4.0,3.9,3.7,4.1,4.5,4.3,4.1,3.3,2.1,1.8,2.0,2.4,3.0,3.4,3.4,3.3,3.2,2.9,2.5,2.4,2.7,2.6,2.7,2.4,2.0,2.2,2.4,2.6,2.8,2.7,3.1,3.2,3.3,3.5,3.0
448,Moyne - West,217041478,2.7,3.7,3.9,4.0,3.9,3.4,3.1,3.1,3.0,3.3,3.6,3.9,3.9,3.7,4.0,4.1,3.9,3.6,2.9,1.9,1.7,1.9,2.3,2.8,3.1,3.0,2.8,2.6,2.5,2.2,2.2,2.4,2.4,2.3,2.0,1.7,1.9,2.1,2.2,2.3,2.2,2.4,2.5,2.5,2.6,2.2
449,Warrnambool - North,217041479,4.4,5.9,6.2,6.2,6.0,5.5,5.1,5.4,5.3,5.5,5.8,6.2,6.3,6.1,7.0,7.4,7.1,6.7,5.3,3.4,3.0,3.3,3.8,4.8,5.2,5.0,4.6,4.2,4.0,3.6,3.6,3.8,3.8,3.8,3.2,2.8,3.0,3.2,3.2,3.3,3.1,3.5,3.7,3.8,4.0,3.3
450,Warrnambool - South,217041480,4.0,5.6,5.9,6.0,5.6,5.0,4.7,4.9,4.9,5.0,5.3,5.4,5.4,5.3,5.9,6.3,6.1,5.8,4.7,3.1,2.7,3.1,3.8,4.7,5.3,5.0,4.7,4.4,4.2,3.8,3.9,4.3,4.3,4.3,3.7,3.2,3.6,3.8,3.9,3.9,3.6,4.0,4.1,4.2,4.3,3.5
